key,doi,title,work_venue_class,c1_e,c2_e,e_final,c1_instrument,c2_instrument,instrument_final,c1_instrument_sublabel,c2_instrument_sublabel,instrument_sublabel,r1_c1,r1_c2,r1_final,r2_c1,r2_c2,r2_final,r3_c1,r3_c2,r3_final,r4_c1,r4_c2,r4_final,r5_c1,r5_c2,r5_final,r6_c1,r6_c2,r6_final,c0_c1,c0_c2,c0_final,c1_c1,c1_c2,c1_final,c2_c1,c2_c2,c2_final,c3_c1,c3_c2,c3_final,text_is_abstract_c1,text_is_abstract_c2,text_is_abstract,quote_instrument,quote_r4,quote_conflation,quote_e,uncertain_by,uncertain_note,free_text,contested,needs_adjudication,adjudicated,note
10_3390_ijerph17062125,10.3390/ijerph17062125,Identification of Speech Characteristics to Distinguish Human Personality of Introversive and Extroversive Male Groups.,journal_article,E1,E1,E1,a,a,a,,,,True,True,True,False,False,False,False,False,False,False,False,False,False,False,False,False,False,False,False,False,False,True,True,True,False,True,,False,False,False,False,False,False,"a pre-screening process was completed in which we checked a potential participant’s Myers-Briggs Type Indicator (MBTI) personality via an online tool (16 Personalities, NERIS Analytics Limited, United Kingdom) — 2.1. Participants (Methods)",,"we checked a potential participant’s Myers-Briggs Type Indicator (MBTI) personality via an online tool (16 Personalities, NERIS Analytics Limited, United Kingdom) — 2.1. Participants (Methods)","To recruit similar numbers of introversive and extroversive male participants, a pre-screening process was completed in which we checked a potential participant’s Myers-Briggs Type Indicator (MBTI) personality via an online tool (16 Personalities, NERIS Analytics Limited, United Kingdom). — 2.1. Participants (Methods)",,,"c1: Throughout the rest of the paper (Abstract, Table 1, Table 1 note, Results, Discussion, Conclusions) the personality classification obtained via the 16 Personalities online tool is referred to only as 'MBTI' / 'MBTI personality types' / 'MBTI personality classes', e.g. Abstract: ""Twenty-four male participants took the Myers-Briggs Type Indicator (MBTI) test for personality screening""; Conclusions: ""Lastly, the responses could be affected by the other three letters ... in MBTI personality classes."" Only the single sentence in 2.1 Participants names the vendor tool actually administered; every other mention of the instrument in the work calls it the MBTI, consistent with the C1 identity conflation coded above. || c2: Single instrument; no second instrument and no non-human arm. The vendor's test was used as a pre-screening/group-assignment measure, and the types it produced are the group labels used in all reported results (Table 1, Tables 2-5), so it is the instrument that produced the reported types (§4.2 does not bite). R2 not flagged: the work's description of the dichotomies (""Note: The four letters represent the traits of personality, which describe Mind (Introversive or Extroversive), nature (iNtuition or Sensing), energy (Thinking or Feeling), and tactics (Perception or Judging)."" — Table 1 note) carries no attribution to the vendor in the text, and the only construct-level citation in that paragraph is [35] Furnham 1996, not the vendor; attributing that terminology to the vendor would require knowledge outside the retrieved text. C3 not flagged: ""one of the most popular tools used in studying personality"" is a popularity claim, not official/standard/validated/professional.",c2,True,False,
10_5688_ajpe7231,10.5688/ajpe7231,Use of Personality Frameworks in Health Science Education.,journal_article,E4,E4,E4,,,,,,,False,False,False,False,False,False,False,False,False,False,False,False,False,False,False,True,True,True,True,True,True,False,False,False,False,False,False,False,False,False,False,False,False,,,,"Based on this systematic review, there is little published evidence that instructors and preceptors are using personality frameworks as a tool for self-awareness in health sciences education. — Discussion",,,"c2: E4 by §2 (""reviews""): the work is a PRISMA-guided literature review whose data are extracted from 71 included articles, not from respondents — ""After screening titles, abstracts, and/or the full text of the 415 articles identified in an initial search, 71 articles involving personality frameworks were included in the study."" — Abstract. Twelve of the reviewed studies used the MBTI (""The next most used test was the Myers-Briggs Type Indicator (MBTI), used in 12 studies (17%)."" — RESULTS), but those administrations belong to the cited studies, not to this work (§5 amendment of 2026-08-19), so they carry no R1. The vendor URL appears in the reference list (reference 54), but §4.1 / c-vendor-cited-only applies only to E1 works, so it does not reach the instrument step.",,False,False,
10_7759_cureus_30445,10.7759/cureus.30445,Decoding Human Personality Through Dermatoglyphics.,journal_article,E1,E1,E1,a,a,a,,,,True,True,True,False,False,False,True,True,True,False,False,False,False,False,False,False,False,False,False,False,False,True,False,,True,True,True,False,False,False,False,False,False,"The test instruments used were a survey questionnaire- by NERIS Explorer (based on the Myers-Briggs 16 personality type). — Materials and Methods, Materials",,"For every Myers-Briggs personality type, the Survey questionnaire by NERIS Type Explorer gives the results in the form of different names for a kind, as mentioned in Table 1 along with the percentage of the type in the subject population [15]. — Results | The test instruments used were a survey questionnaire- by NERIS Explorer (based on the Myers-Briggs 16 personality type). — Materials and Methods, Materials","Questionnaire-based (Survey questionnaire by NERIS Explorer) study was conducted [15]. This personality assay recorded the personality types of 200 subjects. — Materials and Methods, Materials",c2,"c2: E1 and instrument (a) are not in doubt: Methods state that 200 consenting students completed the NERIS Type Explorer survey questionnaire (§3.1 level 1, §3.2 trigger ""NERIS Type Explorer""). The uncertainty is confined to the flags. (1) R3 rests on the in-text marker ""[16]"" in the sample-size sentence. In the retrieved text the reference list numbering is displaced by the PDF extraction (entry 2's number trails its entry, likewise the ""16."" that follows the 16Personalities line), so I read ""[16]"" as the vendor entry ""16Personalities. (2022). ... https://www.16personalities.com/enfj-personality.""; the same marker is used for the instrument in the Discussion (""[4,16]""), which supports that mapping. On its face the work therefore cites the vendor page as the source of a type prevalence figure used to size the sample, which is R3. Against this: the cited figure (""(ISTJ) 26 out of 202 samples 12.871%"") does not plausibly originate from the vendor's ENFJ page, so the citation may simply be misplaced. If the adjudicator reads [16] as pointing elsewhere, R3 should be false; R1 is unaffected. (2) R2 considered and rejected: the constructs and dichotomies are sourced to Jung and to Myers et al. ([4,5,7,8]), and the vendor's type names in Table 1 (""Personality Type (Neris)"": Architect, Logician, ...) are presented as the administered questionnaire's own output — ""the Survey questionnaire by NERIS Type Explorer gives the results in the form of different names for a kind"" (Results) — not as the source of the theory. (3) R4 rejected: the only accuracy/reliability claim is grounded in participant satisfaction, not in the vendor's page — ""validity and reliability research revealed a statistically significant correlation between different fingerprint patterns and personality types, while making sure that over 90% of participants agreed that the questionnaire's answers were accurate and reliable"" (Discussion), with no vendor citation attached. (4) C1 considered and rejected: the work never names the vendor's test and the MBTI as one instrument; its recurring parenthetical is ""(based on the Myers-Briggs 16 personality type)"", a lineage claim, hence C2. Table 1's mapping of ""Personality Type (Neris)"" to ""Personality Type (Myers-Briggs)"" is type-label equivalence rather than instrument identity, though an adjudicator could read the paper's overall practice — reporting NERIS output throughout as ""Myers-Briggs personality types"" — as C1 as well. (5) C3 rejected on the same Discussion sentence: ""accurate and reliable"" is attributed to participants' agreement, and the vendor's test is nowhere called official, standard, validated or professional.","c1: Reference-list numbering for the 16Personalities vendor URL (ref. 16: '16Personalities. (2022). Accessed: July 15, 2022: https://www.16personalities.com/enfj-personality') is a bit disordered in the extracted text (the numeral '16.' trails the entry, after ref. 15 Poursafar et al.), but this does not affect the instrument code, which is decided at evidence level 1 by the plain Methods statement naming 'NERIS Explorer'/'NERIS Type Explorer' as the test instrument used, independent of any reference number. The [16] citation is read as attaching to the vendor page because it is invoked for a type-prevalence figure used in the sample-size formula (R3) and is co-cited with the Myers reference [4] in the Discussion sentence describing the NERIS Type Explorer questionnaire used in this study. Only one instrument (NERIS Type Explorer) is administered; no non-human arm; no other work found in this file.",c1,True,False,
10_3389_fdata_2022_931206,10.3389/fdata.2022.931206,Do we behave differently on Twitter and Facebook: Multi-view social network user personality profiling for content recommendation.,journal_article,E2,E2,E2,,,,,,,False,False,False,False,False,False,False,False,False,False,False,False,True,True,True,False,False,False,True,True,True,False,False,False,False,False,False,False,False,False,False,False,False,,,,"""Ground truth collection . To obtain personality ground truth from Twitter , we have downloaded all tweets that contain self-reported personality-related keywords/phrases such as “I'm an ENTP ” or “I am an ENTP ” and extracted the personality trait from those phrases. This trait represents the ground truth for each user (see Figure 1A for an example). To harvest Facebook ground truth, we have monitored Facebook comments under personality test results released on the 16personalities portal (see Figure 1B for an example). Likewise, to obtain personality-related ground truth from the PersonalityCafe forum, we downloaded the users' publicly available self-reported personality traits from their profile pages (see Figure 1C for an example)."" — Section 3.2.1 Data acquisition (Ground truth collection)",c2,"c2: The conflation coding is the undecided part. §6 requires a located conflation *statement*, and this work contains no single sentence that names the 16personalities test and the MBTI as one instrument, gives the vendor's test the MBTI's lineage, or calls it official/validated. The vendor is named exactly once, as a place where results were released. So on a sentence-level reading the code is C0, which is what I recorded. But the work does the conflation structurally: §3.1 states ""To represent human personality, in this work we use the Myers-Briggs Type Indicator (MBTI) (Myers, 1998 ), widely adopted by the research community (Buraya et al., 2017 , 2018 )."", and the Facebook arm of its ground truth is harvested from ""personality test results released on the 16personalities portal"", after which those labels are pooled with the Twitter and PersonalityCafe labels into one MBTI 16-type space (Table 2) and reported as MBTI types. A coder reading §6 substantively rather than sentence-by-sentence could code C1 on that basis. §6 does not say whether a conflation enacted across two sections of Methods, with no single sentence carrying it, counts; I did not invent a rule, so I coded C0 and am flagging it for adjudication.","c1: The work's type ground truth is assembled from three distinct scraped sources, none administered by the authors: (1) Twitter self-report keyword phrases such as ""I'm an ENTP"" or ""I am an ENTP""; (2) Facebook comments under personality test results posted on the 16personalities portal; (3) PersonalityCafe users' self-reported personality traits from their own profile pages (Section 3.2.1, Data acquisition). Only the Facebook source names the vendor (16personalities); it is cited only as the origin of scraped labels (R5), not as something the authors or the Facebook users administered as part of this study. Section 3.1 (""MBTI personality categorization"") cites Myers (1998), the published MBTI Manual, for the theoretical framework of four binary dimensions (EI, SN, TF, JP) that is applied uniformly to all three sources' labels; this citation is to the actual manual, not the vendor, so it does not carry an R flag. No sentence anywhere in the retrieved text names the 16personalities portal and the MBTI/Myers-Briggs instrument as the same thing, gives the vendor's test a disclaimed Jung/Myers-Briggs lineage, or calls it official/standard/validated/professional, hence C0 rather than C1/C2/C3, though the paper's uniform framing of all labels under an ""MBTI"" umbrella (including the 16personalities-sourced Facebook labels) is worth flagging for the adjudicator as the closest thing to an implicit conflation in this text. || c2: E2 rather than E1: the authors administered nothing. All three label sources are harvested — Twitter self-reports mined from tweet text (""I'm an ENTP""), Facebook comments posted under 16personalities results, and self-reported traits on PersonalityCafe profile pages. The vendor's test therefore appears only as the origin of one of three scraped label streams, which is why R5 is the only role flag set. The MBTI constructs themselves are sourced to Myers 1998, MBTI Manual, not to the vendor, so R2 is not set for the vendor. The vendor is mentioned exactly once in the whole text (""the 16personalities portal""); there is no vendor URL in the reference list. No instrument code applies (§2: only E1 works receive one). A second, non-administered arm exists in the sense that the paper's own PERS model *infers* MBTI dimensions for users from text and images, but that is a classifier output, not an instrument administered to anyone, so it is not E3.",,True,False,
10_3390_vetsci9080441,10.3390/vetsci9080441,The Myers-Briggs Personality Types of Veterinary Students and Their Animal Ethical Profiles in Comparison to Criminal Justice Students in Slovenia.,journal_article,E1,E1,E1,c,c,c,c-translated,c-translated,c-translated,False,False,False,True,True,True,False,False,False,False,False,False,False,False,False,False,False,False,True,False,,False,True,,False,False,False,False,False,False,False,False,False,"which contained the Keirsey Temperament Classifier, a shortened version of the Myers–Briggs Temperament Indicator (MBTI). The Keirsey scale contains 70 statements with two response options, with only one response possible for each statement. ... The questionnaire was given in the Slovenian language. — 2.1. MBTI Questionnaire Study Design",,,"A total of 175 VS and 138 CJS completed the questionnaires, which contained the Keirsey Temperament Classifier, a shortened version of the Myers–Briggs Temperament Indicator (MBTI). — 2.1. MBTI Questionnaire Study Design","c1,c2","c1: Two judgment calls the protocol does not squarely decide. (1) Instrument sub-label: Methods 2.1 names what was administered as 'the Keirsey Temperament Classifier, a shortened version of the Myers–Briggs Temperament Indicator (MBTI)', with a '70 statements with two response options' scale given in Slovenian. This is level-1 Methods evidence, and it is neither (a) [not 16Personalities/NERIS — never mentioned as administered] nor (b) [not Form M/G/Q/Step I/II, no purchase/licence/certified-administration statement] under §3.2–3.3, so it falls to (c) by elimination. But the §3.4 sub-labels are built around an *unidentified* instrument (c-unnamed, c-online, c-vendor-cited-only) or one *the authors wrote* (c-authormade), and this work names a real, existing, distinct instrument (the Keirsey Temperament Sorter) rather than leaving it unnamed or inventing it. I coded c-translated because the questionnaire was administered in Slovenian with no license or original source stated for that translation, which is the closest fit, but a named third-party non-MBTI, non-vendor instrument self-described as 'a shortened version of the MBTI' is not a scenario any sub-label describes cleanly. (2) Conflation: Table 2 (in the Introduction, before Methods) is captioned 'Groups according to MBTI (adopted from Kiersley [10])' and its second column is headed 'Modern Denomination (Summarized by 16 Personalities)', mapping Keirsey's four temperament groups to 16Personalities' own group names (Explorer, Sentinel, Diplomat, Analyst). I coded this citation R2 (16Personalities cited as source of type/group descriptions) but did not code C2 (provenance), because §6's conflation flags require a statement about the vendor's *test* being given MBTI identity, lineage, or authority, and this table only equates group nomenclature — it never states that 16Personalities' test itself derives from or is the same as the MBTI. A stricter reading, given the table's own caption frames both columns as 'Groups according to MBTI', could support C2; I left it C0 and flag the disagreement for adjudication. || c2: Two points are not cleanly decided by the protocol. (1) Instrument code and sub-label. Methods state that respondents completed the Keirsey Temperament Classifier, described by the authors as ""a shortened version of the Myers–Briggs Temperament Indicator (MBTI)"". That is a named third instrument: no §3.2 trigger for (a) appears anywhere (the sole 16 Personalities word form is the Table 2 column header, not a statement of what was administered; there is no NERIS/Type Explorer mention and no vendor URL in the reference list), and no §3.3 trigger for (b) appears (no Form M/G/Q, no Step I/II, no purchase, licence or certified administration; the Myers/McCaulley manual is cited as background only, which §3.3 says is not by itself (b)). So (c) is reached by elimination on evidence level 1. But §3.4 defines (c) as ""a work that administered something it does not identify"", and this work does identify what it administered — it is simply not one of the two instruments the scheme names. The scheme has no code for that shape, so the (c) label over-states the gap. The sub-label is undecided for the same reason: none of the five fits exactly. I chose c-translated on §4.3, because the administered MBTI-type questionnaire was given in Slovenian with no licence and no source stated in Methods. The alternative is c-unnamed, whose test (""no form, publisher, version or URL"") is also satisfied verbatim for the administered questionnaire. Against c-translated: the Discussion says ""Twenty years after the original studies were conducted [ 6 ], the same instrument that was developed and compared with other studies was tested with CJS"", which gestures at ref [ 6 ] (Lobnikar & Pagon 2000, a Slovenian-language article) as a partial provenance, though it states no licence and cites no published MBTI form. Against c-unnamed: the work does name the Keirsey Temperament Classifier. (2) R2 versus R6. The work's only use of the vendor is the Table 2 column header crediting 16 Personalities with the ""Modern Denomination"" of the four Keirsey/MBTI temperament groups. I coded R2 because the vendor is credited as the source of a type-group naming scheme reproduced in the work's own table, which is §5's ""type descriptions"" use rather than a passing name-drop. R6 is arguable: the vendor names (Explorer, Sentinel, Diplomat, Analyst) never reappear in Methods, Results or Discussion, and no claim in the work rests on them — the results are reported in MBTI four-letter types and in Keirsey's SP/SJ/NF/NT nomenclature.","c2: Second administered instrument, recorded per §4.2 but not a personality-type instrument and so not competing for the instrument code: ""A total of 190 VS and 124 CJS completed the questionnaire on the interactive web-based program Animal Ethics Dilemma website http://www.aedilemma.net/home (accessed on 6 July 2022) [ 12 ]."" — 2. Materials and Methods, 2.2. Animal Ethics Study Design. It measures animal-ethics viewpoints (contractarian, utilitarian, relational, animal rights, respect for nature), not MBTI types, so the reported types come only from the Keirsey questionnaire. C1 basis: the same Table 2 that carries the R2 evidence is the conflation statement — under the caption ""Groups according to MBTI"", the vendor's group names are presented as the ""Modern Denomination"" of the Keirsey Temperament Sorter groups, i.e. the same typology renamed, with no statement anywhere that the vendor's test and the MBTI are different instruments. C2 was considered and left false: the Jung and Myers/Briggs lineage is set out at length in the Introduction for the MBTI, but no sentence attaches that lineage to the vendor except by way of this table, which I read as identity rather than as a separate provenance claim. C3 false: the vendor is never called official, standard, validated or professional. Note for the audit's own interest, not a code: the paper reports its results throughout as ""MBTI preferences"" and ""MBTI types"" (e.g. Table 6, ""MBTI preferences of the students from the Veterinary Faculty (VS)"") while what respondents completed was the Keirsey instrument.","c0,c1",True,False,
10_2196_60223,10.2196/60223,Personality Types of Medical Students in Terms of Their Choice of Medical Specialty: Cross-Sectional Study.,journal_article,E1,E1,E1,a,a,a,,,,True,True,True,True,True,True,False,False,False,False,False,False,False,False,False,False,False,False,False,False,False,False,True,,True,True,True,False,False,False,False,False,False,"Each participant answered a questionnaire that included both the NERIS Type Explorer, as well as other questions regarding demographics and the chosen medical specialty. — Methods, Study Design",,"It is based on the MBTI inventory, as well as on the “Big Five'' personality traits concept [24]. — Methods, Instrument for Data Collection","Each participant completed a general questionnaire and a NERIS Type Explorer personality test, based on the Myers-Briggs Type Indicator inventory and the “Big Five” personality traits concept. — Abstract, Methods",,,"c1: The instrument section (Methods, Instrument for Data Collection) explicitly states NERIS Type Explorer 'is based on the MBTI inventory' and describes '16 types identical to the Myers-Briggs test' while also explaining it adds a Big Five dimension and an Assertive/Turbulent axis not present in the published MBTI — a provenance claim (coded C2) rather than an identity claim (no C1): the work distinguishes NERIS Type Explorer as an extension of MBTI rather than naming the two as one instrument. The validation claim ('The MTBI instrument has been validated... reliable and accurate', refs 21-23) is attached to the published MBTI paragraph, citing official Myers-Briggs sources (MBTI Basics, the Myers Manual, McCrae & Costa), not the 16personalities vendor — so it was not coded C3 or R4. Acknowledgments thank 'NERIS Analytics Limited for their help with personality test analysis', reinforcing R1 but adding no new instrument. No non-human respondents and no second personality instrument were found; the full text contains only this one work. || c2: Single instrument: only the NERIS Type Explorer was administered, so §4.2 does not apply. The published MBTI is described in Methods (""Myers-Briggs Type Indicator (MBTI) is a personality inventory created by Isabel Briggs Myers and Katherine Briggs and based on the theory described by Carl Gustav Jung [21-23]."" — Methods, Instrument for Data Collection) but nothing says it was administered. No non-human arm. Corroboration for (a) outside Methods: ""The authors would also like to thank NERIS Analytics Limited for their help with personality test analysis."" — Acknowledgments, and ""16Personalities report – an analysis of each respondent's personality type and the intensity of specific personality traits."" — Multimedia Appendix 1 caption. C3 not flagged: the nearest candidate sentence, ""The MTBI instrument has been validated, used in various studies over the past 40 years, and described as reliable and accurate [21-23]."" — Methods, Instrument for Data Collection, attaches validation to the published MBTI (refs 21-23 are myersbriggs.org, the Myers et al MBTI Manual, and McCrae & Costa), not to the vendor's test; the standing reaches the administered instrument only through the lineage sentence already coded C2, and §6 C3 asks for the vendor's test itself to be called official, standard, validated or professional. Note for the adjudicator: the work is internally inconsistent on C1 — the Instrument section does state a distinction (""In addition to using 16 types identical to the Myers-Briggs test, it allows to add another aspect to the classic 4-letter personality type of the MTBI inventory, using either -A or -T"" — Methods, Instrument for Data Collection), yet the Appendix 2 caption and the Discussion name the NERIS output as the MBTI's. C1 was flagged on those two located statements; under §6 C0 could not be true in any case because C2 applies.",c1,True,False,
10_1038_s41598_025_91361_w,10.1038/s41598-025-91361-w,A study on the correlation between MBTI dimensions and driving behavior characteristics.,journal_article,E1,E1,E1,a,a,a,,,,True,True,True,False,False,False,False,False,False,True,True,True,False,False,False,False,False,False,False,False,False,True,True,True,True,True,True,True,True,True,False,False,False,"To measure participants’ MBTI personality types, this study utilized the NERIS Type Explorer® testing tool, available on the 16Personalities website — Research methods, Personality testing","An analysis of 10,000 respondents revealed Cronbach’s α coefficients ranging from 0.75 to 0.87. Specifically, the α coefficient was 0.87 for the E-I dimension, 0.78 for S-I, 0.75 for T-F, and 0.82 for J-P. — Research methods, Personality testing (reliability/validity figures cited to ref. 32, the 16Personalities website)","Data collection was based on the standardized MBTI inventory to ensure consistency and comparability of personality assessment. This inventory has undergone extensive reliability and validity verification. — Table 1 (Structure of the driving behavior survey questionnaire), Research methods / Questionnaire survey | This tool, rooted in MBTI theory and enhanced by modern research methods, evaluates individuals across four dimensions: E-I, S-N, T-F, and J-P. — Research methods, Personality testing | Data collection was based on the standardized MBTI inventory to ensure consistency and comparability of personality assessment. This inventory has undergone extensive reliability and validity verification. — Table 1 (Structure of the driving behavior survey questionnaire), Research methods / Questionnaire survey","To measure participants’ MBTI personality types, this study utilized the NERIS Type Explorer® testing tool, available on the 16Personalities website — Research methods, Personality testing",,,"c1: The administered instrument is named plainly (‘NERIS Type Explorer® testing tool, available on the 16Personalities website’) in the Personality testing subsection, matching E1/(a) at evidence level 1. Table 1 separately labels the same data-collection step as ‘the standardized MBTI inventory’ that has ‘undergone extensive reliability and validity verification’ — an internal inconsistency within the same work between the instrument actually named (16Personalities/NERIS) and the label used to describe it elsewhere (‘MBTI inventory’, ‘standardized’), which is the basis for the C1/C3 codes. No non-human respondents, no second personality instrument, and no other work sharing this file were found. || c2: My reading matches the §7 expected codes for this record (E1, instrument (a), R1 + R4); the C flags were open in that table and I coded C1, C2, C3 true. Notes: (1) No second personality instrument. The work also administered a self-designed 31-item driving behaviour questionnaire (""Based on established scales such as the classic DBQ"", Research methods → Questionnaire survey) and ran interviews and field observations, but none of these produce type data, so §4.2 does not apply. (2) The work describes the same personality data collection two ways: Methods name the NERIS Type Explorer® on the 16Personalities website, while Table 1 and Research process call it ""the standardized MBTI inventory"" and ""standardized MBTI scales"" — this inconsistency is the basis of the C1 flag, not a second instrument. (3) R2 is false on a citation check: every in-text occurrence of reference 32 (the vendor page) is either the administration statement or a reliability/validity figure. The MBTI's constructs and dichotomies are cited to reference 31 (Peng, L. Q. Practical Application of MBTI Assessment) in the Overview of MBTI section, not to the vendor. (4) The vendor URL cited is a type-description page, https://www.16personalities.com/infp-personality, and it is the source given for Cronbach's alphas, test-retest coefficients and inter-scale correlations. (5) Single-work file: no neighbouring paper in the retrieved text; it is the complete article (17 pages, Methods, Results, References, author contributions).",,False,False,
10_1038_s41598_025_08804_7,10.1038/s41598-025-08804-7,Recurrent academic path recommendation model for engineering students using MBTI indicators and optimization enabled recurrent neural network.,journal_article,E1,E1,E1,c,c,c,c-unnamed,c-unnamed,c-unnamed,False,False,False,False,False,False,False,False,False,False,False,False,False,False,False,False,False,False,True,True,True,False,False,False,False,False,False,False,False,False,False,False,False,"The MBTI represents a well-known psychology test, that helps to discover people’s personalities based on self-administered questions. — Based on MBTI weight test",,,"This dataset is formed by collecting the academic information of students from Kerala. It includes the details, such as students’ personality traits, STEM performance, extra-curricular involvement, MBTI weight test, and MBTI score. — Description of dataset","c1,c2","c1: The work reports MBTI-derived scores collected from actual students (Kerala and Tamil Nadu datasets), which is E1: 'This dataset is formed by collecting the academic information of students from Kerala... MBTI weight test, and MBTI score' (Description of dataset), and 'it includes some questions and the answers to each question obtained from the students' (Description of dataset). The 'Based on MBTI weight test' subsection describes only that respondents completed 'self-administered questions' with no form name, publisher, version or URL anywhere in the text — no occurrence of '16personalities', 'NERIS', 'Myers-Briggs Company', 'CPP', 'OPP', 'Form M/G/Q', or 'Step I/II' was found (checked by full-text search), and no reference in the bibliography resolves to the vendor's domain. On the literal §3.2/§3.3 trigger lists this supports (c) c-unnamed, which is what I coded. However, Table 3 ('Analysis using MBTI score', in the 'MBTI analysis' section) uses the row/column labels 'Analysts Diplomats Sentinels Explorers' to report the MBTI results by engineering department. Those four labels are, to my general knowledge of personality-typology branding (not from this text), the specific Role-group names used by 16Personalities.com/NERIS Type Explorer to group the 16 types (Analysts=NT, Diplomats=NF, Sentinels=SJ, Explorers=SP) — a grouping that is not part of the officially published MBTI. The text never names the vendor and never cites a URL, so this is not an explicit §3.2 trigger, only a terminological fingerprint the protocol's evidence hierarchy (§3.1) has no defined level for. I have not treated it as (a) because doing so would be an inference beyond the enumerated triggers, but flagging it as undecided rather than silently coding past it: the actual instrument administered to produce 'MBTI weight test'/'MBTI score' may in fact be a 16Personalities-derived test rather than a published MBTI form or an author-made one. This same gap means I did not assign R1 (no citation act names or links the vendor as what was administered) or any conflation flag (no sentence states the two instruments are one, or gives one the other's provenance/authority) — both would also require an explicit textual act the paper never performs, only unattributed use of the vendor's category names. || c2: Two points the protocol does not decide. (1) Sub-label: “Based on MBTI weight test” states only that respondents answered self-administered questions scored on E, F, I, J, N, P, S and T, which is c-unnamed; but “Description of dataset” says of the collected questions “These questions are formed by considering the above details”, and the above details include the MBTI weight test, which could be read as c-authormade (§3.4). The text never says of the MBTI items specifically that the authors wrote them, so I coded c-unnamed. The main code (c) is unaffected either way. (2) R flags: the work’s single 16Personalities word form is the parenthetical “(16 personalities)” in “the correlation of courses with MBTI outcome (16 personalities)”, standing parallel to “(16 types)” earlier in the same sentence; there is no vendor URL, citation or reference entry anywhere, so on §5’s requirement that a flag attach to the citing work’s own use of the vendor, nothing is cited and I set every flag false. A coder who read that phrase as naming the vendor would code R6 (named in passing, no claim rests on it). §1 does not apply either, since a word form is present, so this is neither a coded citation nor a no_word_form case.","c2: Two observations the fields cannot hold. (a) Table 3, “Analysis using MBTI score”, reports every engineering department under the four column headings “Analysts Diplomats Sentinels Explorers” — the vendor’s role-group taxonomy — with no attribution to any source, no vendor URL and no reference entry; on a strict reading of §5 this is unattributed use rather than citation, so it carries no R flag, but it is recorded here. (b) The sentence “the MBTI personality type categorization (16 types)33 is done” attaches reference 33 to the MBTI type scheme, and reference 33 is “Mirjalili, S. & Hashim, S. Z. M. BMOA: Binary magnetic optimization algorithm. Int. J. Mach. Learn. Comput. 2(3), 204 (2012)” — an optimization-algorithm paper, not an MBTI source. The work therefore offers no citation at all for the instrument or the type scheme it administered. No second instrument and no non-human arm.",,True,False,
10_3389_fncom_2026_1800284,10.3389/fncom.2026.1800284,A critical analysis of MBTI-based personality profiling with large language models.,journal_article,E4,E4,E4,,,,,,,False,False,False,False,False,False,False,False,False,False,False,False,False,False,False,True,True,True,False,False,False,True,True,True,False,False,False,True,True,True,False,False,False,,,the oﬃcial 16 personalities test (a popular MBTI questionnaire) — Section 4.2 Prompt-based approaches | the oﬃcial 16 personalities test (a popular MBTI questionnaire) — Section 4.2 Prompt-based approaches,"Out of over 200 initial records, 26 studies met the inclusion criteria and form the basis of this review. — Introduction",,,"c2: E4 basis: the work is a scoping review of the 2020-2025 literature and reports no type data of its own. Supporting verbatim: ""Out of over 200 initial records, 26 studies met the inclusion criteria and form the basis of this review."" (1 Introduction); ""The original contributions presented in the study are included in the article/supplementary material"" (Data availability statement). No participants, no dataset of types, no instrument administered by these authors.

Not E3: the work describes other studies that administered instruments to language models (Heston and Gillette 2025 using the OEJTS; Besta et al. 2025 using the vendor's test as a drift check on agents), but it administers nothing itself, so there is no non-human arm belonging to this work.

Three vendor mentions in total; all three sit inside descriptions of studies this review cites, none inside a method or claim of this review:
(1) ""by matching proﬁles from the 16personalities.com website"" (2 MBTI personality detection from text / 1 Introduction paragraph on early work, describing Datta et al. 2023 collecting labels for over 56,000 Twitter users);
(2) ""they integrated periodic checks using the oﬃcial 16 personalities test (a popular MBTI questionnaire)"" (4.2 Prompt-based approaches, describing Besta et al. 2025);
(3) ""Using the 16 personalities test in the loop (Besta et al., 2025)"" (4.4 Limitations of personality control).

Why not R1 or R5: mention (2)/(3) is the vendor's test administered to agents and mention (1) is the vendor's site as a label source, but in both cases the administering/scraping is done by a cited study, not by this work. R1 (""what was administered, to humans or to agents"") presupposes an administration and R5 presupposes labels or profiles obtained; this work has neither, so on their own terms neither flag can attach here, and all three mentions are passing references — R6. The protocol does not state in words whether a reported use by a cited study can carry an R flag (§3.6 covers only several works bundled in one file, which is not this case), so this is my reading rather than an explicit rule; it agrees with the R6 expected in §7.

C2 was considered and rejected: the sentence gives the vendor's test the MBTI's identity (""a popular MBTI questionnaire"") but nowhere in this work is it given a Jung / Myers and Briggs / published-MBTI lineage, which is what §6 requires for C2. C1 is additionally supported by mention (1), where output from the vendor's site is called ""MBTI labels"".

My codes match the §7 expected row for this record (E4, R6, C1 + C3); nothing was deferred to the table.

Note on quoting: the retrieved text is PDF-extracted and contains ligatures (ﬃ, ﬁ) and column-scrambled word order in places. Quotes above reproduce the file's characters exactly, so ""oﬃcial"" and ""proﬁles"" carry the source ligatures.",,False,False,
10_2174_1874210601711010109,10.2174/1874210601711010109,Perceptions of Teaching Methods for Preclinical Oral Surgery: A Comparison with Learning Styles,journal_article,E1,E1,E1,a,a,a,,,,True,True,True,False,True,,False,False,False,False,False,False,False,False,False,False,False,False,False,False,False,True,True,True,True,True,True,False,True,,False,False,False,"The students were requested to use the free personality test (NERIS Analytics Limited web-site) [12 - 14] to correlate their personality type to their learning style. Each student independently completed the free questionnaire and sent their result to my email. — RESULTS AND DISCUSSION, Students' Personality Types and Learning Style",,"Three measures were used in the study: The Index of Learning Styles (Felder and Soloman, 1991), the Myers-Briggs Type Indicator (MBTI), and the styles of learning typology (Grasha and Hruska-Riechmann). — ABSTRACT | Created by Isabel Briggs Myers and Katherine Cooks Briggs, the inventory is based on Carl Jung's concept of archetypes — INTRODUCTION","A free online questionnaire based on the MBTI and Jung's typological approach to personality [12 - 14] was used to determine the personality type of the sample. — METHODS, Questionnaire 2","c1,c2","c1: Two different free online personality tests are named in the text as what students completed. (1) INTRODUCTION: 'For this study, students were requested to use the free online personality test [13] to correlate their personality type to their learning style' — reference [13] is 'The free online questionnaire of the London Business School -Defiance College (This free test is based on Carl Jung's and Isabel Briggs Myers' typological approach to personality) Available at: http://www.humanmetrics.com/cgi-win/jtypes2.asp', a domain that is not 16Personalities/NERIS Analytics. (2) RESULTS AND DISCUSSION: 'The students were requested to use the free personality test (NERIS Analytics Limited web-site) [12 - 14] ... Each student independently completed the free questionnaire and sent their result to my email' — the REFERENCES entry [15] ties 'NERIS Analytics Limited web-site (Free Personality Test)' to 'https://www.16personalities.com/free-personality-test'. I coded instrument (a) on the second passage because it directly precedes and introduces the reported type-frequency results (Table 3, Table 4), per §4.2's rule to code on the instrument that produced the reported results; the humanmetrics.com citation is recorded in free_text as the other instrument. A different reading of which of these two conflicting in-text statements governs the reported data would change the instrument code, and the protocol does not say how to weigh two contradictory Methods-equivalent statements against each other. Separately, INTRODUCTION contains a hard-to-parse sentence: 'the inventory is based on Carl Jung's concept of archetypes [12, 13] – NERIS Analytics Limited web-site (Free Personality Test) and The free online questionnaire of the London Business School -Defiance College)', whose syntax does not cleanly match the numbered reference list (possibly a PDF-extraction artifact). I did not code an R2 flag from it because I could not confidently read it as the author's own claim about a citation's function rather than a garbled fragment. || c2: Three points, none of which changes E1 or (a) on my reading, but each is a place where the protocol's wording did not settle the case cleanly. (1) Evidence level. §3.1 level 1 is ""a statement in Methods of what respondents completed"". The Methods (Questionnaire 2) statement names only ""A free online questionnaire based on the MBTI and Jung’s typological approach to personality [12 - 14]"" — no vendor. The statement that names the vendor as the thing respondents completed sits in RESULTS AND DISCUSSION: ""The students were requested to use the free personality test (NERIS Analytics Limited web-site) [12 - 14] ... Each student independently completed the free questionnaire and sent their result to my email."" I recorded level 1 because §2 defines the evidence as the work's own account of how it obtained its data, ""Methods, Participants, Data Collection, or the equivalent"", and this is that account merely printed under Results; a coder reading ""in Methods"" strictly would record level 2 instead (a named instrument carrying a citation that resolves to the vendor). (2) Two online tests are cited for the same act of administration. Reference [13] is ""The free online questionnaire of the London Business School -Defiance College ... Available at: http://www.humanmetrics.com/cgi-win/jtypes2.asp"", which is not the vendor's domain, and the INTRODUCTION cites it alone: ""For this study, students were requested to use the free online personality test [13] to correlate their personality type to their learning style."" The Results sentence attributes the same act to NERIS Analytics, and the reference list carries ""NERIS Analytics Limited web-site (Free Personality Test) 1997. Available at: https://www.16personalities.com/free-personality-test"". The work never reconciles the two. I applied §4.2: the types carried into the reported results are the vendor's, because Table 4 reports them in the 16Personalities Roles/Strategies taxonomy (Analysts / Diplomats / Sentinels / Explorers; Confident Individualism / People Mastery / Constant Improvement / Social Engagement), which humanmetrics does not produce; and §4.2's tie-break gives (a) anyway if the vendor's test is one of the two. This is not §4.1 c-vendor-cited-only, since the vendor is named in the body as what respondents completed, not only in the references. (3) C3 is the weakest of the three conflation flags: the work's authority wording is ""a well-known and reliable method"", which is not literally any of §6's ""official, standard, validated, or professional"". I read ""reliable"", applied to a trademarked ""(MBTI)™"" that is in fact the vendor's free test, as an authority claim, but an adjudicator restricting C3 to the four listed descriptors would set it false.","c1: Second instrument per §4.2: INTRODUCTION states 'For this study, students were requested to use the free online personality test [13] to correlate their personality type to their learning style', where reference [13] (REFERENCES) reads 'The free online questionnaire of the London Business School -Defiance College (This free test is based on Carl Jung's and Isabel Briggs Myers' typological approach to personality) Available at: http://www.humanmetrics.com/cgi-win/jtypes2.asp' — a different, unnamed-brand free Jung/Myers-based online test on the humanmetrics.com domain, not 16Personalities/NERIS Analytics. Instrument code (a) was assigned instead on the RESULTS AND DISCUSSION statement naming 'NERIS Analytics Limited web-site', which directly precedes the reported type-frequency tables (Table 3, Table 4). || c2: Second instrument recorded per §4.2: besides the vendor's test, the work cites an unnamed free online MBTI-type questionnaire at humanmetrics.com — reference [13], ""The free online questionnaire of the London Business School -Defiance College (This free test is based on Carl Jung’s and Isabel Briggs Myers’ typological approach to personality) Available at: http://www.humanmetrics.com/cgi-win/jtypes2.asp"" — and the INTRODUCTION attributes the administration to it alone (""students were requested to use the free online personality test [13]""). It is not coded as the main instrument because the reported type results are in the vendor's Roles/Strategies format (Table 4). Also noted: the vendor URL appears in the reference list, in a run-on entry, as ""NERIS Analytics Limited web-site (Free Personality Test) 1997. Available at: https://www.16personalities.com/free-personality-test"", dated 1997 — a date that predates the vendor by well over a decade; the reference numbering in this file is mangled around entries [15]-[18], so I did not rely on the reference number, only on the entry text. Two populations completed the instruments (68 students and 8 lecturers); the personality-type results in Tables 3-4 are reported for both. No non-human arm. Sample-size note, recorded because it bears on nothing coded here: the abstract says 115 students while Methods says ""Sixty-eight of the 93 students (59.13% of the group)"".","r2,c3",True,False,
10_17694_bajece_419645,10.17694/bajece.419645,Investigating the Impact of Team Formation by Introversion/Extraversion in Software Projects,journal_article,E1,E1,E1,a,a,a,,,,True,True,True,True,True,True,False,False,False,False,False,False,False,False,False,False,False,False,False,False,False,True,True,True,True,True,True,False,False,False,False,False,False,"""As shown Fig. 1, we instructed all the students in the beginning of the term to take an online MBTI test [14] and send their results to the instructors."" — III.C Study Subjects and Team Formation Approach; citation [14] resolves to ""[14] NERIS Analytics Limited, ""Free online personality test for (MBTI),"" Last Myers–Briggs http://www.16personalities.com/free-personality-test, accessed: Nov. 2017."" — References",,"""We instructed the students in the beginning of the semester to take MBTI using a free online test [14] for identifying their own personality types of (introversion/ extraversion)."" — III.B Research Design | ""The Myers–Briggs Type Indicator (MBTI) is a popular tool for personality assessment, which was developed based on the theories of Carl Jung [16]."" — II.B MBTI Personality Assessment (this statement is about ""MBTI"" generally, and the paper never distinguishes that label from the vendor's free online test it administered — see the c1 quote above, where the same ""MBTI"" is stated to have been taken via ""a free online test [14]"", which References [14] identifies as NERIS Analytics Limited / 16personalities.com)","""As shown Fig. 1, we instructed all the students in the beginning of the term to take an online MBTI test [14] and send their results to the instructors."" — III.C Study Subjects and Team Formation Approach",,,"c1: Single work, full article (BAJECE Vol. 6 No. 2, pp. 132-140, Apr. 2018) with Introduction, Background, Method, Results, Discussion, Conclusion, References and author biographies — no other work shares this file, and no non-human respondents or second personality instrument appear. Instrument code (a) rests on evidence-hierarchy Level 2: Section III.C's administration sentence names only 'an online MBTI test [14]', not the vendor, but citation [14] resolves in References to NERIS Analytics Limited's http://www.16personalities.com/free-personality-test, matching §3.2's trigger 'a described free/online test whose cited URL resolves to the vendor's domain — stated as the thing respondents completed'. C1 is coded because Section III.B calls the same administered test 'MBTI' outright ('take MBTI using a free online test [14]'), naming the vendor's product and MBTI as one instrument. C2 is coded because Section II.B states, of 'MBTI' undifferentiated from the online test the paper elsewhere calls 'MBTI', that it 'was developed based on the theories of Carl Jung' — since the paper never separates 'MBTI' from the free online test [14] it administered, this Jung lineage attaches to the administered instrument. This two-step reasoning (an identity statement elsewhere in the same work, plus an undifferentiated Jung/Myers-Briggs lineage statement) mirrors the pattern behind the protocol's own Koshiro et al. 2025 calibration record (§7), which is expected C1+C2 on the same shape of evidence. R2 is coded from the II.B definitional sentence describing what the instrument 'is designed to indicate' (a type/construct description), which cites [14] jointly with [13]; this is distinct from the administration statements (III.B, III.C) coded R1. No R3/R4/R5 evidence was found — the Threats-to-Validity discussion of MBTI score variability (percent rating scheme, 49% vs. 51%, etc.) is the authors' own methodological caveat, not a citation to the vendor for reliability/validity. No C3 language (official/standard/validated/professional) was found anywhere in the retrieved text applied to the administered instrument. || c2: (1) Evidence level: §4.1 does NOT apply — the vendor citation is not reference-list-only; Methods (III.B and III.C) state what respondents completed and attach [14] to that statement, so this is not c-vendor-cited-only. I recorded instrument_evidence_level = 1 because §3.1 says to code from the highest available level and a Methods statement of what respondents completed exists. If the field is instead meant to record what disambiguated (a) from (c) c-online, the answer would be 2, since the Methods wording alone (""a free online test"", ""an online MBTI test"") names no vendor and it is the resolving URL in [14] that decides — cf. §4.3, ""the URL decides; with no URL it is (c) c-online"". The instrument code itself is (a) on either reading. (2) No second personality instrument (§4.2): the only other measurement instrument is the 8-question team-morale rubric [28] (TCMI), a team-cohesion measure, not a type instrument; GPA and project grade are the other metrics. (3) No non-human arm; respondents are 50 human undergraduates. (4) C3 considered and coded false: the work calls the MBTI ""a popular tool for personality assessment"", ""the well-known Myers–Briggs Type Indicator (MBTI) personality assessment model"" (Abstract), ""widely-used"" and ""the most commonly used model in SE literature [15]"" (Introduction) — popularity/prevalence claims, none of which are the §6 C3 triggers (official, standard, validated, professional). The nearest wording, ""standardizing the metrics and the instruments used in this study"" (Section V.B), describes the authors' own design procedure, not the vendor's test being standard. (5) Reference [13] (Constance Lynn Counselling, a counselling practice's MBTI page) is not the vendor and carries no code here. (6) Single work in the retrieved file; no neighbouring-work evidence was used.",,False,False,
10_33083_joghat_2019_16,10.33083/joghat.2019.16,TURİST REHBERİ ADAYLARININ KİŞİLİK ÖZELLİKLERİNİN MESLEĞİN GEREKLERİ AÇISINDAN DEĞERLENDİRİLMESİ,journal_article,E1,E1,E1,b,b,b,,,,False,False,False,False,False,False,False,False,False,False,False,False,False,False,False,True,True,True,True,True,True,False,False,False,False,False,False,False,False,False,False,False,False,"""Anket formunun ikinci bölümünde rehberlik öğrencilerinin kişilik tiplerini belirlemek amacıyla Tuzcuoğlu (1996) tarafından Türkçe’ye çevirisi yapılan MBTI G formu kişilik envanteri sorularının kısaltılmış versiyonu olan 50 soruluk (AV) formu kullanılmıştır."" (English: ""...the abbreviated 50-item (AV) form of the MBTI Form G personality inventory, translated into Turkish by Tuzcuoğlu (1996), was used..."") — 5.1. Veri Toplama Yöntemi (Methods)",,,"""Anket formunun ikinci bölümünde rehberlik öğrencilerinin kişilik tiplerini belirlemek amacıyla Tuzcuoğlu (1996) tarafından Türkçe’ye çevirisi yapılan MBTI G formu kişilik envanteri sorularının kısaltılmış versiyonu olan 50 soruluk (AV) formu kullanılmıştır."" (English: ""In the second part of the survey form, the 50-item (AV) form — the abbreviated version of the MBTI Form G personality inventory questions translated into Turkish by Tuzcuoğlu (1996) — was used to determine the personality types of the guidance students."") — 5.1. Veri Toplama Yöntemi (Methods)",c2,"c2: (1) Instrument code (b) vs (c) c-translated is not cleanly decided by the protocol. §3.3 lists ""Form G"" and ""Form M"" as standalone (b) triggers, and Methods §5.1 names ""MBTI G formu kişilik envanteri ... 50 soruluk (AV) formu"" (the abbreviated 50-item AV version of the MBTI Form G inventory), which is level-1 evidence under §3.1. But what respondents actually completed was a Turkish translation made by Tuzcuoğlu (1996) in a doctoral thesis, and the work never states any licence, purchase or authorisation. §4.3 decides only two cases — ""an authorised translation of a published form is (b)"" and ""a translation of unstated provenance is (c) c-translated"" — and this is neither: the provenance IS stated (a named published MBTI form, a named translator, and a cited linguistic-equivalence/reliability/validity study), while authorisation is NOT stated. §3.4's c-translated definition (""A translated MBTI-type questionnaire with no licence or source stated"") does not fit either, because the source is stated. I coded (b) on the §3.3 trigger plus §3.1 level 1; the author may wish to rule on whether an unlicensed academic translation of Form G counts as (b) or as (c) c-translated. (2) The work contradicts itself about which published form was used: ÖZET (abstract) and 4. ARAŞTIRMA AMACI VE ÖNEMİ both say ""Bu araştırmanın amacı, rehberlik mesleğini icra etmek veya bu alanda uzmanlaşmak isteyen öğrencilerin kişilik tiplerinin MBTI kişilik envanteri M formu aracılığıyla analiz edilmesi ve kişilik tiplerinin turist rehberliği mesleği açısından incelenmesidir."" [English gloss: ""The purpose of this research is to analyse, by means of the M form of the MBTI personality inventory, the personality types of students who wish to practise or specialise in the guidance profession, and to examine those personality types in terms of the tourist guidance profession.""] — i.e. Form M — while Methods §5.1 says Form G (AV short version). Both are §3.3 (b) triggers, so the instrument code is unaffected, but the inconsistency is recorded.","c1: The only vendor-related item in this work is a bare reference-list entry — a URL with an access date, placed after the law citation at the end of the (otherwise alphabetical) reference list — with no in-text citation call anywhere in the body tying it to any specific claim. It is coded R6 (mention only) on that basis. The instrument code (b) is decided independently, and at the highest evidence level (Methods statement naming 'MBTI G formu'), so this reference-list vendor mention does not affect the instrument code (§3.1, §4.1). No conflation statement of any kind (C1-C3) was found anywhere in the text; the work's own account of its instrument (Form G, Tuzcuoğlu 1996 translation) is kept distinct from the vendor mention throughout. || c2: Only one 16Personalities word form appears anywhere in the retrieved text: the bare URL ""https://www.16personalities.com/tr Erişim 20.12.2017"" as the last entry of KAYNAKÇA (the reference list). There is no in-text citation to it anywhere in the article, so it is coded R6 (§5: ""named in passing; no claim in the work rests on it""). §4.1 (c-vendor-cited-only) does not apply, because the work does state in Methods what respondents completed, and §3.1 forbids a lower evidence level overriding a higher one. Recorded but not coded: the article carries an uncited bullet-list of the eight preference descriptions (e.g. ""İçe Dönük (I) bireyler, kendi başlarına yaptıkları aktiviteleri tercih ederler; konuşmadan önce düşünürler; sosyal etkileşim onları yorar."" [English gloss: ""Introverted (I) individuals prefer activities they do on their own; they think before speaking; social interaction tires them.""]), in 2. KİŞİLİK KAVRAMI VE KİŞİLİK TİPLERİ and repeated in 6. BULGULAR, which carries no citation at all; the vendor URL is the only reference that could plausibly source it, but the work never says so, so coding R2 would be inference rather than reading. The article's own type-preference tables (Tablo 3-6) are instead sourced to ""Myers ve Myers (1997) den uyarlayan Akdeniz (2013)"". No second instrument was administered and there is no non-human arm. Full research article (Araştırma Makalesi), pp. 65-79, with Methods, Findings, Conclusion and a full reference list — not an abstract.",,True,False,
10_33119_sip_2020_178_3,10.33119/sip.2020.178.3,Osobowość pracownika a wybór ścieżki kariery zawodowej,journal_article,E1,E1,E1,a,a,a,,,,True,True,True,True,True,True,True,False,,False,False,False,False,False,False,False,False,False,False,False,False,True,True,True,False,True,,False,True,,False,False,False,"""Metoda badań, jaka została zastosowana w tej pracy, to narzędzie MBTI. Zbadane zostały działy Finansów, Księgowości oraz Sprzedaży. Test MBTI dostępny bezpłatnie na stronie inter- netowej www.16personalities.com/free-personality-test."" (English gloss: ""The research method applied in this work is the MBTI tool. The Finance, Accounting and Sales departments were examined. The MBTI test is available for free on the website www.16personalities.com/free-personality-test."") — section 7, Metodyka badań (Methodology)",,"""Metoda badań, jaka została zastosowana w tej pracy, to narzędzie MBTI. Zbadane zostały działy Finansów, Księgowości oraz Sprzedaży. Test MBTI dostępny bezpłatnie na stronie inter- netowej www.16personalities.com/free-personality-test."" (""The research method applied in this work is the MBTI tool. [...] The MBTI test is available for free on the website www.16personalities.com/free-personality-test."") — section 7, Metodyka badań. The work names the free test hosted at the vendor's domain 'Test MBTI' — treating the vendor's online test and the MBTI as one and the same instrument, rather than distinguishing them.","""Metoda badań, jaka została zastosowana w tej pracy, to narzędzie MBTI. Zbadane zostały działy Finansów, Księgowości oraz Sprzedaży. Test MBTI dostępny bezpłatnie na stronie inter- netowej www.16personalities.com/free-personality-test."" (English gloss: ""The research method applied in this work is the MBTI tool. The Finance, Accounting and Sales departments were examined. The MBTI test is available for free on the website www.16personalities.com/free-personality-test."") Also: ""W teście wzięło udział 28 pracowników Działu Księgowości, 18 pracowników Działu Finansów, 67 pracowników Działu Sprzedaży, czyli razem 113 pracowników."" (""28 employees of the Accounting Department, 18 employees of the Finance Department, and 67 employees of the Sales Department took part in the test, i.e. 113 employees in total."") — section 7, Metodyka badań (Methodology) / section 8",c2,"c2: One flag is genuinely undecided by the protocol: R3 (norms). The work reports population shares for each type — e.g. ""Ludzie tego typu stanowią 6% całkowitej populacji."" (English gloss: ""People of this type make up 6% of the total population."") — 9. Działy finansowe — inside paragraphs whose closing bracket bundles three sources including ""16personalities.com, dostęp 23.07.2018"". §5 requires a located sentence or reference entry, and the protocol says nothing about how a paragraph-final citation bundle covering both a type description and a population statistic should be split between its sources. I coded R3 false for two reasons that can be stated from the text: (i) the parallel ESTJ paragraph gives the same kind of figure (""Ludzie tego typu stanowią ok. 13% całkowitej populacji."") and cites only [Cakrt, 2006, s. 258], with no vendor citation, so the population shares appear to come from Cakrt; (ii) the vendor reference entry whose access date matches the in-text citations (23.07.2018) is the ""nasza-teoria"" (our-theory) page, not a frequencies page, which supports R2 rather than R3. An adjudicator reading the bundle as covering the whole paragraph would set R3 true. R4 was coded false because the validity claim in 1. Wprowadzenie (""Narzędzia te uznano za trafne"") carries no citation to the vendor — it is an unsupported assertion by the author, so nothing is cited as psychometric evidence; it is recorded under C3 instead.","c1: The work also names ID16TM® as a secondary tool: Introduction states ""Do realizacji celu badania wykorzystano dostępne narzędzia, głównie MBTI®, a także pomocniczo ID16TM®"" (""available tools were used to achieve the study's goal, mainly MBTI®, and additionally, as a supplementary tool, ID16TM®""), and the Podsumowanie (Summary) repeats ""Wykorzystane narzędzie MBTI oraz pomocniczo ID16 [...]"". However, Methods (section 7) describes administering only the MBTI/16personalities.com test to the 113 employees; ID16 appears only in section 5 as an alternative naming scheme mapped onto the MBTI four-letter codes (e.g. ""administrator (ESTJ)"", ""adwokat (ESFJ)"", listing all 16 ID16 role names against their MBTI equivalents), and the Wnioski (Conclusions) section uses these ID16 role names to label the MBTI-typed groups found in the data. I found no statement that ID16 was independently administered as a separate questionnaire/instrument to respondents, so I did not code it as a second administered instrument under §4.2; it is recorded here in case the adjudicator reads the 'pomocniczo ID16' language differently. || c2: Second instrument (§4.2): ID16TM© is named as an auxiliary tool — ""Dlatego do realizacji celu badania wykorzystano dostępne narzędzia, głównie MBTI®, a także pomocniczo ID16TM®."" (English gloss: ""Therefore, to achieve the aim of the research, available tools were used, mainly MBTI®, and also, as an auxiliary, ID16TM®."") — 1. Wprowadzenie; and ""Wykorzystane narzędzie MBTI oraz pomocniczo ID16 do charakterystyki cech osobowo- ściowych pomogło opisać badane zespoły w sposób prosty i zrozumiały."" (English gloss: ""The MBTI tool used, and ID16 as an auxiliary, to characterise personality traits helped describe the studied teams in a simple and understandable way."") — 12. Podsumowanie. No separate ID16 administration is described anywhere: 7. Metodyka badań describes only one test, the free test at 16personalities.com, and Tabela 1 reports only MBTI four-letter codes. The ID16 names (""Administratorów"", ""Inspektorów"", ""Adwokatów"", ""Opiekunów"") are applied in 11. Wnioski i rekomendacje as labels mapped onto those same four-letter codes, using the mapping list given in 5. Model MBTI (""Oto typologia według ID16 (w zestawieniu z MBTI): 1) administrator (ESTJ), ...""). So the types used in the reported results were produced by the vendor's test, which under §4.2 keeps the code at (a).

Note on §3.1 level: the code rests on level 1 — the Methods section states what respondents completed and gives the vendor URL in the same statement. The vendor URL also appears in the reference list (""2. https://www.16personalities.com/free-personality-test, dostęp 1.02.2018.""), but that is not the deciding evidence, so §4.1 / c-vendor-cited-only does not apply.","r3,c2,c3",True,False,
10_26615_978_954_452_072_4_152,10.26615/978-954-452-072-4_152,How to Obtain Reliable Labels for MBTI Classification from Texts?,conference,E1,E1,E1,c,c,c,c-authormade,c-authormade,c-authormade,False,False,False,False,False,False,False,False,False,True,True,True,False,False,False,False,False,False,False,False,False,True,False,,False,False,False,True,True,True,False,False,False,"We initially prepared two questions per each MBTI dimension and performed a pilot study with 30 participants to choose those questions (Figure 2) that better correspond to the MBTI types provided by the participants, and the MBTI annotations by two annotators. — Section 3, Questionnaire","According to the Myers-Briggs Foundation and the 16personality test website, both questionnaires satisfy the accepted standards for test validity and reliability. — Section 1, Introduction","there is a number of freely available alternative MBTI questionnaires on the internet, with the 16personalities test being one of the most popular ones. — Section 1, Introduction | According to the Myers-Briggs Foundation and the 16personality test website, both questionnaires satisfy the accepted standards for test validity and reliability. — Section 1, Introduction","After answering demographic questions, participants were provided with four questions that aimed to capture their MBTI type, and were asked to provide an answer on a 1–5 points scale. Those four questions are the central contribution of this study. — Section 3, Questionnaire",c2,"c2: Two calls that the protocol does not settle cleanly; both are recorded as read, not guessed. (1) R1/R5 on participant-reported prior testing. The comparison labels used in Section 5.1 (Table 1) and Figure 4 are types participants had obtained before the study: ""we expected that a substantial number of AMT workers had taken the MBTI or 16Personalities tests before."" (Section 5.1). The vendor's test is thus named as a possible origin of label data that feeds the reported results, but nothing was scraped from or matched to the vendor's site (the two mechanisms R5 states), and this work administered no vendor test (R1). §5's added rule — a flag attaches to the citing work's own use — is written for uses belonging to a cited study, not for respondents' own prior self-administration, so it does not decide this shape. I coded R1 false and R5 false; an adjudicator reading R5's 'data source' header more broadly could set R5 true. (2) C3 rests on an attributed sentence: ""According to the Myers-Briggs Foundation4 and the 16personality test website,5 both questionnaires satisfy the accepted standards for test validity and reliability."" (Section 1), immediately followed by ""Nevertheless, the MBTI questionnaires have received a noticeable criticism from the academic community (Pittenger, 1993; Boyle, 1995)"". I read it as giving the vendor's test the standing of a validated instrument on the vendor's own authority, which is C3; a coder weighting the 'According to' attribution and the criticism that follows could read the passage as C0.","c1: Instrument-design/validation study under §4.4: the four compulsory 1–5-scale questions ('Those four questions are the central contribution of this study', Section 3) are a new instrument the authors wrote themselves ('We initially prepared two questions per each MBTI dimension...', Section 3), built to follow 'the main definitions provided by Briggs-Myers and Myers (1995)' for each MBTI dimension (Section 3) — hence (c) c-authormade, not the vendor's test or a published MBTI form; neither 16Personalities nor any MBTI form/Step is stated as administered. Separately, one optional question asked participants to self-report a previously obtained MBTI type of unstated provenance ('You might have obtained your MBTI type in the past via questionnaires. If you know your MBTI type, please type it here', Section 3); 340 of 1038 participants answered it, and those self-reports (MTURK-MBTI) were used only as a validation comparison against the new instrument's answers (Section 5.1, Table 1), not as something administered by this study — so it is not coded as a second administered instrument under §4.2. || c2: Second, non-administered type-data arm. An optional item — ""You might have obtained your MBTI type in the past via questionnaires. If you know your MBTI type, please type it here"" (Section 3) — collected previously obtained types from 340 participants, and those self-reported labels are the comparison criterion in Section 5.1 (""We compared the MBTI types provided by AMT workers and the respective answers to our person- ality questions."") and the distribution in Figure 4. That is secondary type data, not an administration by this work, so under the §2 priority the work is E1 on the four author-written questions and the instrument code stays on them. Why C1 and C2 are false: the work separates the vendor's test from the published MBTI rather than merging them — ""The original MBTI questionnaire contains 93 questions and is not freely available."" then ""there is a number of freely avail- able alternative MBTI questionnaires on the inter- net, with the 16personalities test3 being one of the most popular ones."" (Section 1; the mid-word hyphens are line breaks in the retrieved text). No sentence gives the vendor's test a Jung, Myers-Briggs or published-MBTI lineage, so C2 has no located evidence. Against that, types coming from either ""the MBTI or 16Personalities tests"" are handled interchangeably as ""the MBTI types provided by AMT workers"" (Section 5.1), which an adjudicator may wish to weigh under C1; I did not set C1 because the two are never named as one instrument. Instrument note: what respondents completed is an instrument the authors built for this study (§4.4 — an instrument-building work that administers its instrument is E1 and coded on what it administered), described as based on the MBTI dimensions and on Briggs-Myers and Myers (1995), hence (c) c-authormade at evidence level 1 (a Methods statement of what respondents completed).",c1,True,False,
10_17721_bsp_2021_1_13_10,10.17721/bsp.2021.1(13).10,New Team Roles Typology for Organizational Context,journal_article,E1,E1,E1,c,c,c,c-authormade,c-authormade,c-authormade,False,False,False,True,True,True,False,False,False,True,True,True,False,False,False,False,False,False,False,False,False,False,True,,True,True,True,False,False,False,False,False,False,"У пропонованій роботі ми спробували об'єднати сильні сторони DISC та MBTI та пропонуємо типологію, що має цілісні образи, які можна легко інтерпретувати в контексті корпоративних організаційних структур і вони є пов'язаними з культу- рологічними образами. — Методологія дослідження","Це, наприклад, NERIS TI, що повідомляє про дотримання необхідних рівнів альфи Кронбаха, незалежності факторів, та тест-ретест надійно- сті [6]. — Теоретичні основи дослідження","Ще однією перевагою саме цього варіанту MBTI є те, що в ньому здійснено перехід до цілісних образів типів зі своїми значущими назвами. — Теоретичні основи дослідження","Дослідження внутрішньої узгодженості провадили на російськомовній вибірці користувачів ме- режі інтернет, що цікавляться психологічними опитува- льниками та користуються системами інтернет-пошуку (такими як Google). Загальний розмір вибірки переви- щує 2300 респондентів. — Вибірка","c1,c2","c1: §4.4 codes an instrument-design/validation paper as E1 only when the instrument built is 'MBTI-type.' This paper's new 33-item 'Соціальні ролі' (Social Roles) questionnaire is explicitly built by combining DISC and MBTI ('ми спробували об'єднати сильні сторони DISC та MBTI', Методологія дослідження) and three of its four factors are presented as analogs of MBTI dichotomies, but the work also states it deliberately excludes the fourth MBTI dichotomy (sensing-intuition: 'за винятком фактора MBTI інтуїт – сенсорик') and that its first factor is instead a DISC analog, so it is a genuine DISC+MBTI hybrid rather than a pure MBTI variant. The protocol does not say how much MBTI content makes a hybrid instrument 'MBTI-type,' so E1/(c) c-authormade (my reading, since the work is self-made and explicitly described as based on combining MBTI's strengths, and it is administered to real respondents — over 2300 for the main sample plus a second n=24 sample) versus E4 (an instrument-design paper for a distinct, non-MBTI typology that only discusses MBTI as background, per §2's own E4 example list 'instrument or software design papers') is a judgment call the text does not settle outright. The R2/C2 flags on the NERIS TI citations are unaffected by this E-code question either way, since §5/§6 are coded on the whole retrieved corpus regardless of E code. || c2: Three calls are close and are flagged for adjudication rather than settled silently. (1) Instrument code. The work administers an instrument it does identify — its own new 33-item questionnaire — which is neither the vendor's test nor a published MBTI form. §3's three codes have no slot for 'a clearly identified non-MBTI instrument', so it falls to (c) with §3.4's c-authormade, which fits the shape ('items the authors wrote themselves, described as based on the MBTI') while the head code (c) ('administered something it does not identify') fits less well. §4.4 is the rule that keeps the work in E1 at all. (2) C1. 'цього варіанту MBTI' ('this variant of the MBTI') and 'родині MBTI' apply the MBTI label to NERIS TI, which I read as C1 identity on the model of §7's Tshimula record ('a popular MBTI questionnaire'). A coder could instead read C0's 'the work states the distinction', because the work does separate NERIS TI from 'the best-known version of the MBTI test, which was developed by I. Myers', saying reliability was not shown for the latter and is met by the former. C2 is unaffected either way: family membership is a lineage claim. (3) C3. 'варіанти тестів, що задовольняють мінімальний перелік психометричних вимог' [gloss: 'variants of tests that satisfy the minimum list of psychometric requirements'] is close to C3's word 'validated', but I coded it R4 and not C3, because the work attributes the claim rather than asserting standing ('повідомляє про дотримання' = 'reports adherence to', with a third-party CFA at reference [6]) and nowhere calls the test official, standard or professional.","c1: The study also administers a Ukrainian-language version of the same author-made 33-item questionnaire to a second, smaller sample (n=24: 4 men, 20 women; employees of a company selling designer paper) to examine correlations with emotional-intelligence (Lyusin) and creativity (Tunik/Fetiskin) scales — Результати емпіричного дослідження section. This is a language variant of the same author-made instrument already coded (c) c-authormade, not a second attribution-relevant instrument under §4.2. || c2: Instrument-design paper (§4.4): the subject is a new typology, 'Соціальні ролі', with 4 factors and 16 named types, built by combining DISC and MBTI factor analogues and explicitly dropping one — ""у цій моделі представлені аналоги всіх фак- торів DISC та MBTI за винятком фактора MBTI інтуїт – сенсорик"" [gloss: 'in this model analogues of all DISC and MBTI factors are represented, except for the MBTI intuition – sensing factor'] — Методологія дослідження. Second arm with other instruments: ""У контексті дослідження валідності шкал ми про- вели додаткове дослідження україномовної версії опи- тувальника порівняно з опитувальниками емоційного інтелекту Д. Люсіна [9] та креативності Е. Тунік [10]."" [gloss: 'In the context of studying the validity of the scales we carried out an additional study of the Ukrainian-language version of the questionnaire in comparison with the emotional-intelligence questionnaire of D. Lyusin [9] and the creativity questionnaire of E. Tunik [10].'] — Результати емпіричного дослідження; administered to 24 employees of a design-paper company. Neither is an MBTI-type instrument and neither produced the reported types, so §4.2 does not move the instrument code. No non-human arm. Vendor word forms in the retrieved text: 'NERIS TI' twice in the body (both quoted above) and 'Neris Type Explorer®' in reference [6], which is a third-party journal article (Makwana & Dave, International Journal of Management, 2020), not a vendor page — so there is no vendor URL in the reference list and §4.1 / c-vendor-cited-only does not arise. The file holds only this one work (pp. 54-58) plus its own English-language abstract, so §3.6's multi-work caution does not bite.",c1,True,False,
10_4108_eai_16_10_2020_2305195,10.4108/eai.16-10-2020.2305195,The Application of MBTI to Analyze EFL Teachers’ Teaching Styles,conference,E1,E1,E1,a,a,a,,,,True,True,True,False,False,False,False,False,False,False,False,False,False,False,False,False,False,False,False,False,False,True,True,True,False,True,,False,False,False,False,False,False,"""Should they did not know their personality types yet, a link to the website (16personalities.com) consisted of free personality identification questionnaire was given."" — 2.2 Instruments",,"""The study used survey questionnaire and MBTI test in 16personalities.com to obtain quantitative data."" — 2.3 Data Analysis","""The study used survey questionnaire and MBTI test in 16personalities.com to obtain quantitative data. The use of MBTI in this study was to identify the personality types of all English teachers who took part as samples."" — 2.3 Data Analysis",,,"c1: Section 2.2 Instruments describes a mixed procedure: participants first reported their MBTI-based personality type from memory, and only those who ""did not know their personality types yet"" were given the 16personalities.com link (""a link to the website (16personalities.com) consisted of free personality identification questionnaire was given""). The source of the type for participants who already knew it is not stated anywhere in the text. Section 2.3 Data Analysis nonetheless makes the blanket claim that the MBTI test at 16personalities.com ""was [used] to identify the personality types of all English teachers who took part as samples"" (2.3 Data Analysis). Coded (a) from the 2.3 statement per the §3.1 evidence hierarchy (a Level-1 Methods/Data-Analysis statement of what was administered), which is the highest-level and most explicit account the text offers, even though 2.2 leaves the pre-existing-type subgroup's actual instrument unspecified. Also note: 2.2 Instruments states the study's own 20-item teaching-style questionnaire (not the personality-type instrument) was ""the modified version of some items in the one created by NERIS Analytic Limited in their website, 16personalities.com [7]"" — this is about the teaching-style survey's design origin, not the personality-type administration, and was not used as the basis for the instrument code. || c2: Second instrument (§4.2): the authors also administered their own 20-item Likert questionnaire — ""The questionnaire items were the modified version of some items in the one created by NERIS Analytic Limited in their website, 16personalities.com [7], and was designed specifically to identify EFL teachers’ preferences."" (section 2.2 Instruments). That instrument produced the teaching-style/media-preference responses, not the type labels; the personality types used in the reported results came from the vendor's test (""MBTI test in 16personalities.com"", section 2.3 Data Analysis), so the instrument code is taken on the vendor's test. Partial self-report caveat: teachers who already knew their type entered it themselves and only those who did not were sent to 16personalities.com (section 2.2 Instruments), so an unstated share of the type labels was not administered in this study; under §2 the mixed case still takes E1, and Methods states the vendor's test was used ""to identify the personality types of all English teachers who took part as samples"". C2 basis is the Quenk passage rather than an explicit Jung/Myers attribution to the vendor's test; the Introduction's Jung/Myers lineage is stated of the MBTI itself, not of 16personalities.com.",c2,True,False,
10_2174_1874350102114010033,10.2174/1874350102114010033,The Impact of Dominant Personality Traits on Team Roles,journal_article,E1,E1,E1,c,c,c,c-online,c-online,c-online,False,False,False,False,False,False,False,False,False,False,False,False,False,False,False,False,False,False,True,True,True,False,False,False,False,False,False,False,False,False,False,False,False,"The questionnaire administered was found online on the site [77],which allowed me to have numerous people take the test and have an automatic score for each participant. — 4.2. Sample and Sampling Technique",,,Each participant was given the Myers-Briggs Type Indicator (MBTI) personality type and Belbin team role type computer-based questionnaires. — Abstract (Methods),c2,"c2: Two things. (1) §5/§6 denominator. The vendor (16personalities.com, NERIS Type Explorer, NERIS Analytics) is named nowhere in this work, neither in the body nor in the reference list. The only 16Personalities word form in the retrieved text is 'having one personality among 16 personalities' (Abstract, Methods), which is a count of the sixteen MBTI types, not a reference to the vendor's site or test. §5's table attaches a flag to how 'the vendor's site or test is cited', and §6 requires a statement about the vendor's test, so on my reading no R flag and no C1-C3 flag can attach and I coded all six R flags false and C0 true. What the protocol does not decide is whether such a work should be coded at all: §1's `no_word_form` category requires that the text 'does not contain any 16Personalities word form', and this text does contain one, so the record does not literally qualify as a query false positive even though its word form carries no vendor reference. §1 offers no third category. (2) Instrument. The administered test is an unnamed free online Jung/Myers-Briggs questionnaire whose only identifier is reference [77], 'Available at: http://www.taiinc.com/index.php/assessments/ pro- deve- lopment/'. Per the task rules I did not fetch that URL; on its face the domain is not the vendor's, so §3.2's (a) trigger ('a described free/online test whose cited URL resolves to the vendor's domain') is not met and I coded (c) with `c-online` per §3.4 and §4.3. If adjudication resolves that URL to the vendor's domain the code becomes (a). Note also that this is not the §4.1 `c-vendor-cited-only` shape: Methods does say where the test came from, and the cited page is not a vendor page.","c1: A GET2 personality test was piloted alongside the Jung/Myers-Briggs (MBTI) questionnaire on 10 friends and family members before the main study: 'The pilot study of MBTI and GET 2 lasted a couple of days and was administered to 10 friends and family members who volunteered for the job... Overall, the GET2 test had much more negative feedback from the test takers than the Jung/Briggs-Myers test... Therefore, it was decided that the Jung/Myers-Briggs questionnaire would be used for the experiment part of this paper' (4.1. Overview). GET2 did not produce the reported 119-participant results, so it is not coded as the study's instrument, per §4.2 of the protocol. Reference [77], cited in Methods for the site where the administered questionnaire was found, resolves to 'http://www.taiinc.com/index.php/assessments/pro-deve-lopment/' (References) — a domain distinct from 16personalities.com, NERIS, myersbriggs.org, or any named/licensed MBTI publisher, which is why instrument (c)/c-online is coded rather than (a) or (b). The only occurrence of a '16Personalities' word form anywhere in the retrieved text (body or reference list) is in the Abstract: 'Based on the test results, the participants were divided on the basis of their ethnicity, having one personality among 16 personalities and the team-work role played' (Abstract). This reads as generic language for the sixteen MBTI types (this is presumably why the work is in the corpus at all), not as a citation of the vendor's site or test — no site, URL, or branded product name for 16Personalities/NERIS appears anywhere else in the work — so no R or C flag is coded from it. || c2: Second instrument administered (§4.2): the Belbin team-role inventory, which produced the team-role variable, not the type variable — 'For analyzing the team role, Belbin Self-perception inventory is adopted, which is a web-based survey.' (4.1. Overview). The MBTI-type instrument produced the types used in the reported results, so the instrument code sits on it. A third instrument, GET2, was administered only in a pilot to non-participants and then dropped — 'The pilot study of MBTI and GET 2 lasted a couple of days and was administered to 10 friends and family members who volunteered for the job.' (4.1. Overview). Supporting evidence for `c-online`: the test was free and browser-based, delivered on one machine by the author — 'I was restricted in the fact that the website, which offered the questionnaire free of charge, was not simple to navigate and needed to be explained.' (6.2. Administration) and 'One laptop with an internet connection was used to administer all the tests.' (5. RESULTS). The work also describes the administered test as '64 forced-answer, 5-degree of Linkert style yes/no questions' (2.1. Personality Tests), which matches no published MBTI form; combined with the free online delivery this rules out (b), and §3.3's caution applies to the background citations to cpp.com and myersbriggs.org in the reference list, which say what the author read rather than what respondents completed. No non-human arm. Retrieved file contains this work only.",,True,False,
10_52522_ijngp_v1i3_1,10.52522/ijngp.v1i3.1,Personality Differences in Thinking and Feeling between Introverts and Extroverts,journal_article,E1,E1,E1,c,c,c,c-unnamed,c-unnamed,c-unnamed,False,False,False,True,False,,False,False,False,False,False,False,False,False,False,False,True,,True,True,True,False,False,False,False,False,False,False,False,False,False,False,False,The Myers-Briggs Type (MBTI) items and 4 questionnaire consisting of 70 subscales was administered through an online Google form to the participants. — Method / Materials,,,The Myers-Briggs Type (MBTI) items and 4 questionnaire consisting of 70 subscales was administered through an online Google form to the participants. — Method / Materials,"c1,c2","c1: Instrument code (c) c-unnamed: Method/Materials/Procedure/Results/Conclusion all describe 'the MBTI questionnaire' (70 items, 4 subscales) as administered through an online Google form, but no form name (Form M/G/Q), publisher, licence, version, or vendor URL is ever stated for what was actually administered — this is a Methods-level (level 1) statement that fails to identify the instrument, matching c-unnamed rather than c-online (Google Forms is the authors' own delivery platform, not a named/unnamed MBTI test website) or c-authormade (the text never says the authors wrote the items themselves). Separately, the only 16Personalities citation in the work is a reference-list entry, 'Nature: Thinking vs. feeling. 16Personalities,' with no locatable in-text citation marker anywhere in the retrieved body text tying it to a specific sentence (the nearby unattributed sentence defining the thinking/feeling continuum, and the attributed sentences on introverted/extraverted thinking and feeling, are cited to Moore 2018 and Storm et al. 2021, not to 16Personalities). I coded this reference R2 (theory / type-description source) because its title matches the paper's core thinking-feeling content and the protocol allows a reference entry alone as evidence, but this is an inference from the reference's title and topical overlap rather than a located in-text statement of use. Whether it should instead be R6 (mention only, no claim in the work traceably rests on it) is not settled by the text as retrieved. || c2: Two calls the protocol does not fully decide. (1) R6 vs R2. The vendor appears exactly twice in the whole text, both inside one reference-list entry (the entry name '16Personalities' and the URL host '16personalities.com'); there is no in-text citation to it anywhere in the retrieved text. The cited page is 'Nature: Thinking vs. feeling', i.e. the vendor's description of the T/F dichotomy, and the Introduction does contain an uncited paragraph describing the thinking-feeling continuum, so R2 (theory) is a live reading. I coded R6 because §5 defines R6 as 'named in passing; no claim in the work rests on it' and no claim in the retrieved text is anchored to that entry; treating it as R2 would require inferring a linkage the text does not state. The retrieved text is a visibly column-interleaved PDF extraction, so I cannot exclude that an in-text marker was lost. (2) Sub-label c-unnamed vs c-online. The abstract and Procedure call it 'an online questionnaire' administered via Google form, which pulls toward c-online, but §3.4 defines c-online as 'an unnamed online or free MBTI test' and here the instrument is a 70-item, 4-subscale MBTI questionnaire that the authors scored themselves ('Its scoring sheet was referred to for the purpose of scoring manually'), i.e. an unidentified MBTI form delivered over Google Forms rather than a web test that returned a type. I coded c-unnamed. §3.4 says sub-labels do not affect the main code, and the main code (c) is not in doubt either way.","c2: Text-extraction artifact: the PDF's columns are interleaved, so the Materials sentence quoted above is verbatim as retrieved but scrambled in word order; the intended reading is evidently 'The Myers-Briggs Type Indicator (MBTI) questionnaire consisting of 70 items and 4 subscales was administered through an online Google form to the participants.' I quoted it unaltered as required. Nothing in the work names a published MBTI form, publisher, licence, translation or URL for what respondents completed — the closest is the Discussion's 'the best possible scale was the Myers-Briggs (MBTI) Personality scale (1962)' — hence (c) at hierarchy level 1 rather than (b). R4 is false and this is deliberate: the work does cite a webpage as psychometric evidence ('The reliability coefficients ranged from .83 to .95 (MBTI® | Reliability | Validity | Statistics | Factual Information, 2021)' — Reliability and validity of the scale), but that source is careerassessmentsite.com, not the vendor, and §5 flags record the citing work's use of the vendor's site or test. No second instrument, no non-human arm, no other work shares the retrieved file (§3.6): the file contains this article only, running Abstract through References with Method, Results, Tables 1-2, Discussion and Limitations.","r2,r6",True,False,
10_18178_ijiet_2023_13_6_1885,10.18178/ijiet.2023.13.6.1885,A Personality-Based Virtual Tutor for Adaptive Online Learning System,journal_article,E1,E1,E1,a,a,a,,,,True,True,True,False,False,False,False,False,False,False,False,False,False,False,False,False,False,False,True,False,,False,True,,False,False,False,False,False,False,False,False,False,The experimental group of students who used Cybele that whose personality classification was from 16personalities.com as a key factor in determining their learning path. — V. Conclusions and Recommendations,,,The experimental group of students who used Cybele that whose personality classification was from 16personalities.com as a key factor in determining their learning path. — V. Conclusions and Recommendations,c2,"c2: Two things the protocol does not decide cleanly. (1) C1: no single sentence names the vendor's test and the MBTI as one instrument (§6 C1 row says ""named as a single instrument""). The identity is carried across sections: the Abstract says ""The paper used Myers-Briggs Type Indicator (MBTI) personality model for learner assessment to address various student learning styles for a better online learning experience."", the learning paths are keyed to ""MBTI Personalities"" in Table I, and the Conclusions say the classification that selects those paths ""was from 16personalities.com"". I coded C1 true on the §6 header wording (""treats the vendor's test and the MBTI as one instrument""); on the narrower row wording (""named"") this record would be C0. (2) instrument_evidence_level: the only statement of what respondents completed is in V. CONCLUSIONS AND RECOMMENDATIONS, not in III. METHODOLOGY. I recorded level 1 because it is the work's own account of how the type data were obtained (§2, ""or the equivalent""), but a coder reading §3.1 level 1 as location-bound (Methods) would record level 2, the instrument being named by the vendor domain 16personalities.com. Neither reading changes the instrument code, which is (a) either way.","c2: The Methodology section (III, incl. C. Testing, where the forty respondents and the purposive sampling are described) never states what personality instrument the respondents completed; the two mentions of 16personalities.com in the whole text are both in the Conclusions. No second instrument was administered for type data and there is no non-human arm; the System Usability Scale (§IV.F) is a usability measure, not a personality instrument.","c0,c1",True,False,
10_18653_v1_2023_findings_emnlp_84,10.18653/v1/2023.findings-emnlp.84,Can ChatGPT Assess Human Personalities? A General Evaluation Framework,conference,E3,E3,E3,,,,,,,False,False,False,True,True,True,False,False,False,False,False,False,False,False,False,False,False,False,False,False,False,False,True,,True,False,,False,False,False,False,False,False,,,,"We query the LLM to obtain the answer Ai by Ai ∼ Mτ(Pi), (1) where Mτ denotes the LLM trained with the temperature τ, Mτ(Pi) represents the answer sampling distribution of LLM conditioned on the input prompt Pi, Ai represents the most likely answer generated from Mτ(Pi), i ∈ {1,2,··· ,n} is the index of different questions, and n is the number of all questions in MBTI. — 3.4 The Entire Framework (supported by 3.2 Subject-Replaced Query: 'we propose the subject-replaced query (SRQ) by converting the original subject (i.e., ""You"") of each question into a specific subject-of-interest', and by the fact that no human participant, respondent, or annotator is mentioned anywhere in the retrieved text)","c1,c2","c1: The C2 call is a judgment call, not a plain textual identity statement, and I want it flagged for adjudication rather than treated as settled. The sentence's grammatical subject is 'The Myers–Briggs Type Indicator (MBTI) (Myers and McCaulley, 1985)' — the officially cited, published instrument — and the vendor footnote is attached only to the specific 'five dichotomies' it lists. Two of those five items are not part of the officially published MBTI as far as I know from general background (not from this text): the term 'Observant' (for N/S) and 'Prospecting' (for J/P) are 16Personalities' own relabeling of Sensing/Perceiving, and 'Assertive versus Turbulent' is a fifth dichotomy that exists in 16Personalities' NERIS model but not in the four-dichotomy published Myers-Briggs instrument. If that background fact is right, this paragraph presents the vendor's own construct as though it were simply how the officially-cited MBTI (Myers and McCaulley, 1985) is defined, without ever flagging the divergence — which is why I coded it C2 (provenance): the vendor-sourced content is given the published instrument's lineage/citation. But the paper's own text never says the two differ, never says they are identical, and never uses words like 'the same as' or 'official' — it is a single footnote citation for background detail, of a kind that appears in many NLP papers as an incidental 'further reading' pointer. Whether this rises to the conflation bar the protocol intends (as opposed to ordinary, non-conflating citation practice) turns on background knowledge the text itself does not supply, so I am flagging it rather than asserting it as settled. R2 (the citation is to the source of the dichotomies/constructs) is the part of this reading I am confident about; the conflation (C2) label is the part I am not. || c2: Two flags are borderline; recorded here rather than guessed. (1) R1. The work's only 16Personalities word form in the entire retrieved text is footnote 1, ""1https://www.16personalities.com"", whose marker sits on the sentence defining the MBTI's five dichotomies, so the located sentence that Sec. 5 requires supports R2, not R1. However, what was administered to the agents is materially the vendor's test: the item wording is the vendor's (""You spend a lot of your free time exploring various random topics that pique your interest."", 3.2 Subject-Replaced Query; ""You usually stay calm, even under a lot of pressure."", 3.1 Unbiased Prompt Design), the seven levels are the vendor's scale (""{Agree, Generally agree, Partially agree, Neither agree nor disagree, Partially disagree, Generally disagree, Disagree}"", 3.1), the reported scores are the vendor's five dimensions (""k = 5 and Xi = (xi1, xi2, xi3, xi4, xi5) represents extraverted, intuitive, thinking, judging, and assertive scores"", 3.5 Evaluation Metrics), and the reported ""Personality Role"" labels in Tables 1 and 4 are the vendor's role names (Commander, Protagonist, Logistician, Campaigner, Architect, Adventurer, Entertainer, Debater, Executive). A coder could therefore read the footnote as citing what was administered to agents, which R1 covers explicitly (""to humans or to agents""). Sec. 5 does not say how to treat a vendor citation whose stated function is theory when the administered instrument is materially the vendor's, so R1 is coded false on the located-sentence rule and the alternative reading is flagged. (2) C2. The same sentence presents the vendor's five-dichotomy scheme as the MBTI's own and attributes it to ""(Myers and McCaulley, 1985)"", which fits C2's wording literally (""given a lineage the vendor itself disclaims - ... or the published MBTI""). It is coded C1 only, because the work makes no statement in prose about 16Personalities' origins (contrast the Sec. 7 Koshiro exemplar, which says of it in so many words that it is based on Jung's type theory), and taking both flags from one footnote placement would count a single act twice. This work is not one of the three calibration records in Sec. 7.","c1: This work has no human arm anywhere: the words 'participant', 'respondent', 'annotator', 'recruit', 'consent', and 'survey' (of humans) do not occur in the retrieved text at all (checked by search). The 'MBTI questionnaire' is administered exclusively to three LLMs treated as interchangeable non-human respondents — InstructGPT (text-davinci-003), ChatGPT (gpt-3.5-turbo), and GPT-4 — each queried with the same subject-replaced, unbiased, correctness-evaluated prompts (§3) and each yielding its own personality-type output for a given subject (Table 1, Table 4). All three are the E3 arm; none is a secondary arm needing separate free-text treatment since there is no primary E1/E2 arm to distinguish them from. One example item is quoted verbatim in §3.2: 'Original Statement: You spend a lot of your free time exploring various random topics that pique your interest.' The retrieved file does not include the paper's appendices (Appendix A/B/C, referenced several times for further detail on prompts, dichotomies, and results), so nothing in those appendices could be used as evidence. || c2: Quotation convention: the retrieved PDF text has all inter-word spaces stripped and line-break hyphens embedded (e.g. ""TheMy-ers-BriggsTypeIndicator(MBTI)(MyersandMc-Caulley,1985)assessesthepsychologicalprefer-encesofindividuals...""). Every quote above restores word spacing and rejoins hyphenated line breaks; no word, punctuation mark or ordering is otherwise changed. En dashes in ""Myers-Briggs"" are rendered as hyphens.

Non-human arm (the whole study): the instrument was administered to three language models, not to people. ""InstructGPT (text-davinci-003 model) (Ouyang et al., 2022) is a fine-tuned series of GPT-3 (Brown et al., 2020) using reinforcement learning from human feedback (RLHF). Compared with InstructGPT, ChatGPT (gpt-3.5-turbo model) is trained on a more diverse range of internet text ... GPT-4 (gpt-4 model) (Bubeck et al., 2023) can be viewed as an enhanced version of ChatGPT"" (4 Experimental Setups, ""GPT Models.""). The ""subjects"" are not respondents but strings substituted into the item stems: ""we choose large groups of people (e.g., \""Men\"", \""Barbers\"") instead of certain persons as the assessed subjects"" (3.2 Subject-Replaced Query). The text contains no occurrence of ""participant"", ""volunteer"", ""consent"" or any ethics-approval wording, and no human completed anything, so there is no E1 arm and the work is E3 outright rather than mixed.

No instrument code is assigned because Sec. 2 gives the instrument codes only to E1 works. Recorded for the record: had Sec. 3 applied, the evidence would have been level 1/3 for (a) on the item wording, the seven-level scale, the five score dimensions including Assertive/Turbulent and the vendor role names, against a work that names the thing only ""MBTI"" and cites Myers and McCaulley 1985 for it.

The work is a full 11-page conference paper (Findings of ACL: EMNLP 2023, pp. 1184-1194) with Abstract, numbered sections 1-8, Limitations, Ethics Considerations and a reference list; it is a single work, not a bundle, so Sec. 3.6 does not bite.

One further point bearing on the audit's framing, not on any flag: the work's Limitations state ""despite the popularity of MBTI in different areas, its scientific validity is still under exploration"", which is why C3 (authority) is false - nothing in the text calls the vendor's test or the MBTI official, standard, validated or professional. ""16 Personality Factor questionnaire (16PF) (Schuerger, 2000)"" in 2 Related Works is a different instrument and is not vendor evidence.","c1,c2",True,False,
10_48550_arxiv_2308_10278,10.48550/arxiv.2308.10278,CharacterChat: Learning towards Conversational AI with Personalized Social Support,preprint,E3,E3,E3,,,,,,,True,True,True,False,False,False,False,False,False,False,False,False,False,False,False,False,False,False,False,False,False,True,True,True,False,True,,True,True,True,False,False,False,,,"The hit@k metric measures the number of matching dimensions between the designated MBTI and the assessed MBTI within the four dimensions. — Synthetic Data Evaluation, Alignment Assessment of MBTI-based Characters (Table 1 caption) | answering the questionnaire of the official assessment platform [footnote 4: https://www.16personalities.com/] — Synthetic Data Evaluation, Alignment Assessment of MBTI-based Characters","we integrate each character’s persona into ChatGPT, answering the questionnaire of the official assessment platform [footnote 4: https://www.16personalities.com/] — Synthetic Data Evaluation, Alignment Assessment of MBTI-based Characters",c2,"c2: One flag is borderline. C2: no single sentence links the vendor to Jung or to Myers and Briggs. The vendor URL appears only as footnote 4 to ""the official assessment platform"", and the Jung lineage appears in Appendix A (""The Myers-Briggs Type Indicator (MBTI) is a widely used personality assessment tool based on the theory proposed by Carl Jung.""), a section that never names 16Personalities. C2 is coded true on the chained reading the §7 calibration table applies to Koshiro et al. (vendor test named as MBTI, then MBTI described as Jung-based). A stricter reading of §6's ""Verbatim evidence is required and is recorded with the sentence"" would give C2 false; C1 and C3 are unaffected either way. Also recorded for the adjudicator: the E code was checked against the E1 gate because of the human-evaluation arm (5 volunteers) and against §2's rule for works that report type frequencies for named participants without stating provenance; the work reports no types for the volunteers and states no administration to them, so the E1 gate does not open and E3 stands. This work is not one of the three §7 calibration records.","c2: Human arm, no instrument: ""we invite 5 volunteers to act as seekers and engage in conversa- tions with 16 virtual supporters from the MBTI-1024 Bank. Each supporter possesses a distinct MBTI personality type. The seekers were then tasked with evaluating their experiences based on the criteria EI, PS and AE as above."" — Experimental Results of CharacterChat / Human Evaluation. The volunteers rated conversations; the work never says any personality instrument was administered to them and reports no types for them (Table 5 labels them S1-S5 only), although ""seeker-supporter compatibility"" is correlated with their ratings without stating where the human seekers' personas came from. Non-human arm (the basis of the E3 code): personas generated by ChatGPT answered the vendor questionnaire, and the agreement between assigned and assessed type is reported per dimension — ""E/I N/S T/F J/P Accuracy (%) 87.79 69.92 92.68 89.55 Table 2: MBTI Matching Accuracy for Each Sub-dimension within the MBTI-1024 Bank."" R2 was considered and set false: the 16-type descriptions the study uses are attributed to the authors, not to the vendor — ""our process be- gins with the manual crafting of descriptions for each of the 16 MBTI personalities, serving as foundational archetypes"" (Methodology / MBTI-based Persona Decomposition), and the MBTI's constructs are cited to Furnham 1996 and Appendix A rather than to the vendor. The file holds one work only.",c2,True,False,
10_54097_hset_v38i_5773,10.54097/hset.v38i.5773,Identifying 16 Personalities Based on Daily Writing by Random Forest and Logistic Regression,journal_article,E2,E2,E2,,,,,,,False,False,False,False,False,False,False,False,False,False,False,False,False,False,False,False,False,False,True,True,True,False,False,False,False,False,False,False,False,False,False,False,False,,,,"""On the kaggle.com [8], a data set containing 8600 specimens of different personalities and the corresponding information they posted online is provided."" — 1. Introduction",c2,"c2: Undecided under §6: whether this work carries a conflation flag when it never names or cites the vendor. The vendor is absent from the text — no '16personalities.com', no 'NERIS', no 'Type Explorer', and no vendor URL in the reference list (the nearest is '[1] Resource from https: //www.myersbriggs.org — References', which is the Myers & Briggs Foundation, not the vendor). All five occurrences of the corpus word form are generic names for the sixteen MBTI types, not for a test: 'Identifying 16 Personalities Based on Daily Writing by Random Forest and Logistic Regression' (Title); 'Figure1. Illustration of 16 Personalities types' (1. Introduction); 'the authors directly utilized Naive Bayes, Random Forest and Logistic regression models to classify 16 personalities instead of dividing them into 4 dimensions' (1. Introduction); 'it differs from 16 personalities, thus, it cannot be defined as noise' (4.2. Noise); 'the author completes the 16 personalities prediction based on daily writing' (5. Conclusion). C1, C2 and C3 all require a located sentence in which the vendor's test is the thing being identified, given a lineage, or given standing, and no such sentence exists here, so I coded C0 and set every R flag false. What makes the case genuinely undecided is that the work describes an instrument with the vendor's four dimension names while calling it the MBTI and giving it Jung / Myers-Briggs provenance: 'The Myers-Briggs Type Indicator (MBTI) is a self-reported personality test based on psychological theory proposed by Carl Gustav Jung, elaborated and developed by Katharine Cook Briggs and Isabel Briggs Myers. It separates human’s personality into 4 dimensions: mind, energy, nature and tactics, 2 directions are provided in each dimension, and it results 16 distinct personalities.' (Abstract), repeated as 'These four traits developed into the 4 dimensions of today's MBTI test: mind, energy, nature, and tactics.' (1. Introduction), and it attributes to 'the MBTI test' a product profile of illustrated figures and marketing: 'Through the exquisite figures design of each personality and extensive advertisement, the test has immediately attracted a huge amount of participants among the youth.' (Abstract). Reading those as C1 and C2 requires supplying from outside the text the fact that 'mind, energy, nature and tactics' and the illustrated per-type figures are the vendor's and not the published MBTI's; the text itself sources the dimensions to Jung ('16 distinct personalities emerged.[3]', 1. Introduction, reference [3] being Jung's Psychological Types). The protocol does not say whether unattributed use of the vendor's framework under the MBTI name counts as a conflation statement, so I coded the conservative reading and flag it for adjudication.","c2: E2 is on the Kaggle dataset only; the work administered nothing and reports no respondents of its own. The label provenance inside that dataset is never stated — the work says only 'a data set containing 8600 specimens of different personalities and the corresponding information they posted online' (1. Introduction) — so nothing in this text shows what instrument produced the MBTI labels it predicts. No non-human arm and no second instrument. Note for §3.2 word-form screening: this work matches the corpus query on the phrase '16 Personalities' used as a common noun for the sixteen types, not on any reference to the vendor.",,True,False,
10_21697_ucs_2023_31_1_03,10.21697/ucs.2023.31.1.03,"Jestem INFP, a Ty? Wpływ internetowego testu osobowości Myers-Briggs na tożsamość człowieka w kulturze płynnej nowoczesności",journal_article,E4,E4,E4,,,,,,,False,False,False,True,False,,True,False,,False,False,False,False,True,,True,False,,False,False,False,True,True,True,True,True,True,False,False,False,False,False,False,,,"""Po otwarciu strony testu Myers-Briggs (znanego także pod nazwą „16Personalities”) można znaleźć taki wstęp"" (After opening the Myers-Briggs test page (also known as ""16Personalities"") one can find this introduction) — Wyniki | ""Test Myers-Briggs został oparty na koncepcji osobowości Junga."" (The Myers-Briggs test was based on Jung's concept of personality.) — Charakterystyka testu Myers-Briggs","""Do przeprowadzenia badania wybrałam krytyczną analizę dyskursu (KAD)"" (For conducting the study I chose critical discourse analysis (CDA)) — Metodyka",c2,"c2: Two things the protocol does not settle cleanly. (1) E code. The study presented here is a critical discourse analysis of the vendor's website and reports no type data for any respondent, which is E4. But in 'charakterystyka testu Myers-Briggs' the author reports her own earlier research: ""Badania przeprowadzone przeze mnie na potrzeby pracy magisterskiej, wykonane przy pomocy autoetnografii oraz obserwacji uczestniczącej"" [English gloss: ""Research carried out by me for the purposes of my master's thesis, done by means of autoethnography and participant observation""], and states that in a group of Polish students/graduates aged 19-35 the test became more convincing as it was being filled in — i.e. people did complete the test in that thesis work. The article says it ""powstał na podstawie fragmentu mojej pracy magisterskiej"" [English gloss: ""was written on the basis of a fragment of my master's thesis""], so that administration is the same author's but belongs to a different, unreported arm; §2 requires respondents to have completed an instrument 'for this study', and Metodyka names only CDA, so I coded E4. A coder who treats the autoethnographic arm as this work's own administration would reach E1 with instrument (a), since the article identifies the test it discusses as 16Personalities. (2) R flags. §5 has no flag for 'the vendor's site is the corpus of a discourse analysis'. I set R5 because its name is 'data source' and the site is literally where this work's analysed material came from, although the parenthetical gloss ('where labels or profiles were scraped from or matched to') describes a different shape. R1 is set false for consistency with the E4 reading. R6 does not apply: the work's whole argument rests on the vendor's material, so it is not a passing mention. This work is not one of the three §7 calibration records.","c1: This work is a critical discourse analysis (CDA) of the 16Personalities/'Test Myers-Briggs' website's own text (intro copy, response-scale design, type-description pages, testimonials), not an empirical study administering an instrument to respondents; coded E4 on that basis, no instrument code. The 'Charakterystyka testu Myers-Briggs' section states the article's method ('Badanie zostało zrealizowane za pomocą krytycznej analizy dyskursu' — Wprowadzenie) is CDA, and explicitly distinguishes this from a separate part of the author's underlying master's thesis that used autoethnography/participant observation and did involve Polish students completing the test — that administration is coded R6 here (belongs to the cited thesis work, not to this article's own study). The 'Wyniki' section opens by equating 'test Myers-Briggs' with '16Personalities' by name (C1), and the bibliography contains only a 16personalities.com citation — no citation to any official MBTI publisher (The Myers-Briggs Company/CPP) appears anywhere in the reference list — which supports reading the article's subsequent 'MBTI'/'Test Myers-Briggs' references in the body, including the Jungian-lineage claim (C2) and the type-description/population-percentage quotes (R2/R3), as being about the vendor's 16Personalities test throughout. Not flagged R4: a website testimonial quoted in Wyniki calls the test 'wiarygodny' (reliable/credible), but the author explicitly frames that testimonials block as illustrating the site's popularity and self-legitimizing rhetoric ('pokazują... skale jego popularności'), not as psychometric evidence the author herself relies on, so it was left uncoded rather than force-fit to R4. || c2: Polish-language article; all quotes are the original with an English gloss following. Two judgements a reader may want to check. R3 not set: the article does quote the vendor's population-frequency claims (the Advocate at under one percent of society, the Consul at twelve percent), but exhibits them as rhetoric to be criticised — ""autorzy tę kwantyfikowalność próbują zamaskować, uwypuklając wyjątkowość przedstawicieli każdego typu"" [English gloss: ""the authors try to mask this quantifiability by emphasising the uniqueness of the representatives of each type""] — rather than relying on them as statistics. R4 not set, and C3 not set, for the opposite reason: the article denies the test's standing rather than asserting it — ""Choć jest testem pop-psychologicznym, a więc takim, który nie ma poparcia w nauce"" [English gloss: ""Although it is a pop-psychological test, that is, one that has no support in science""] — and the endorsing wording that appears in the text (""Niesamowicie skuteczny i wiarygodny test"" [English gloss: ""An incredibly effective and reliable test""]) is a user testimonial quoted from the vendor's site as analysed data, not a claim of this work.","r2,r3,r5,r6",True,False,
10_54097_hset_v34i_5497,10.54097/hset.v34i.5497,MBTI Personality Prediction Based on BERT Classification,journal_article,E2,E2,E2,,,,,,,False,False,False,True,True,True,False,False,False,False,False,False,False,False,False,False,False,False,False,False,False,False,False,False,True,True,True,False,False,False,False,False,False,,,"Katharine Cook Briggs and her daughter Isabel Briggs Myers first constructed the original version of MBTI. With more perfection, the most delinquent version divides the personalities using four aspects--mind, energy, nature, and tactics--and one identifier [1, 2]. — 1. Introduction",The data is found on Kaggle [12]. The dataset includes 8675 samples with MBTI personalities and the corresponding users' tweets. — 3.1 Data,c2,"c2: The C2 call is the undecided part. §6 phrases every conflation flag in terms of ""the vendor's test"", and this work never names 16Personalities, NERIS or any vendor test in its prose — the vendor appears only as numbered reference [2] (the ""Our Framework""/our-theory page) and as the four-aspect vocabulary (mind, energy, nature, tactics + one identifier) that the vendor uses. Under a strict surface reading no sentence names the vendor's test at all, so the work would be C0; under a substantive reading the Introduction sentence gives the vendor's framework the Myers-and-Briggs lineage, which is what C2 describes and what §6's opening sentence (""gives one the other's provenance or standing"") targets. I coded C2 true on the substantive reading, but the protocol does not say whether a vendor citation that is only a reference-list entry plus the vendor's construct vocabulary can carry a C flag. C1 is coded false for the same reason (no sentence names the two together, unlike the §7 calibration examples), and that decision would flip together with the C2 one if the author rules the other way. E2, R2 and the absence of an instrument code are not uncertain.","c1: C2 reasoning (for adjudicator): reference [2] is NERIS Analytics Limited's 'Our Framework' page (16personalities.com/article/our-theory), not the official MBTI. The Introduction's 'four aspects--mind, energy, nature, and tactics--and one identifier' matches 16Personalities/NERIS's own five-trait branding (four dichotomies plus their added 'Identity' A/T trait, which is not part of the published MBTI's four dichotomies and is described as not contributing to the '16 distinct personalities' count, matching NERIS's model exactly). Presenting this vendor-specific framework as simply the 'most [recent/perfected]' version of 'the original version of MBTI' constructed by Briggs and Myers, sourced to [1, 2] together, gives the vendor's framework a lineage to Briggs and Myers that the vendor itself does not claim as equivalence to the published MBTI. No E1 administration occurs anywhere in the text; the study uses a pre-existing labeled Kaggle dataset (ref [12]) throughout, so this work receives no instrument code per protocol §3. || c2: Non-administering work: a text classifier that predicts MBTI labels from tweets using an existing Kaggle dataset (""[12] Kaggle.com. (MBTI) Myers-Briggs Personality Type Dataset. https://www.kaggle.com/datasets/datasnaek/mbti-type"" — References). R5 was considered and rejected: the labels were scraped from Kaggle, not from the vendor's site, so the vendor is not this work's data source. R4 was considered and rejected: the only psychometric remark is the Conclusion's ""Even though most psychologists do not recognize the indicator due to its poor validity, reliability, comprehensiveness, and correlated categories"", which is uncited and is a criticism, not vendor-sourced validity evidence. R6 was rejected because the work's own trait scheme, target-variable construction and loss decomposition all rest on reference [2], so the citation is load-bearing rather than passing. The retrieved file contains only this one work (Highlights in Science, Engineering and Technology, Volume 34 (2023), CSIC 2022, pp. 368-374), with Introduction, Related Work, Methodology, Result, Conclusion and a 14-entry reference list, so it is a full article and not an abstract.",,True,False,
10_54105_ijdm_b1630_053123,10.54105/ijdm.b1630.053123,Myers-Briggs Personality Prediction,journal_article,E2,E2,E2,,,,,,,False,False,False,False,False,False,False,False,False,False,False,False,False,False,False,False,False,False,True,True,True,False,False,False,False,False,False,False,False,False,False,False,False,,,,"The dataset used in this project is the MBTI Dataset which was obtained from Kaggle. It consisted of over 8675 rows and two columns namely - type and posts [13]. — III. METHODOLOGY, A. Data Collection",,,"c1: Corpus-inclusion note (not a coding field per se, kept here per free_text's catch-all purpose): the only occurrence of the string 'Personalities' in this text is 'Fig. 1. Distribution of Posts for Each of the Distinct 16 Personalities' (Exploratory Data Analysis section), which refers to the 16 MBTI personality types, not to the vendor 16Personalities/NERIS Type Explorer. The vendor is never named anywhere in this text, which is why no R or C flag is set. || c2: No vendor reference anywhere. The full text never contains '16personalities', '16personalities.com', 'NERIS Type Explorer' or 'NERIS Analytics', and no vendor URL appears in the reference list (references 1-18 are journal/arXiv/SSRN items, one medium.com blog post [12] and one Kaggle dataset page [13]). The only capitalised word form in the retrieved text is the figure caption 'Fig. 1. Distribution of Posts for Each of the Distinct 16 Personalities' (section III. METHODOLOGY, G. Exploratory Data Analysis), which denotes the sixteen MBTI types, matching the body text 'people are assigned to one of 16 personality types' (I. INTRODUCTION). Because §5 and §6 attach to the citing work's own use of the vendor's site or test, and this work makes no use of it at all, every R flag and every C flag is false and C0 is true. Data provenance for the E code: the type labels are pre-existing labels in a public Kaggle dataset ('https://www.kaggle.com/datasets/datasnaek/mbti-type', DECLARATION STATEMENT, Availability of Data and Material); no respondent completed anything for this study, and no non-human arm is present. The work also states 'To administer the MBTI exam, however, one must complete a questionnaire, which can be time-consuming and prone to answer biases' (I. INTRODUCTION) — this describes MBTI administration in general as the motivation for text-based prediction, not an administration performed here.",,False,False,
10_48550_arxiv_2309_05497,10.48550/arxiv.2309.05497,Personality Detection and Analysis using Twitter Data,preprint,E2,E2,E2,,,,,,,False,False,False,False,False,False,False,False,False,False,False,False,True,True,True,False,False,False,False,False,False,True,True,True,False,True,,False,False,False,False,False,False,,,"We attempt to create a new dataset containing tweets, user descriptions (bio), profile metadata (follower count, media count, listed count, etc.), and finally the MBTI personality type for each user through automatic means. [...] We collect data from people who have publicly shared their personality test results (from www.16personalities.com) on Twitter. — Section III, Dataset Creation / III.A, Data collection procedure","We collect data from people who have publicly shared their personality test results (from www.16personalities.com) on Twitter. — Section III.A, Data collection procedure",c2,"c2: Only C2 is uncertain; everything else is coded with direct evidence. §6 C2 requires that the vendor's test be given a lineage the vendor disclaims. This work never names 16Personalities and Jung / Myers and Briggs in the same sentence: the lineage sentence is generic background in the Introduction about 'the Myers-Briggs Type Indicator (MBTI) personality modeling', while the identification of 16personalities.com output as 'the MBTI personality type' is made separately in Section III. C2 therefore rests on a two-sentence chain of the same shape as the §7 Koshiro calibration basis (an identity statement plus a separate Jung-lineage description), and the protocol does not state whether a background lineage sentence counts as C2 once the identity is fixed elsewhere in the work. Coded true on the reading that the work's operational MBTI is the vendor's output, so attributing that MBTI to Jung and to Myers and Briggs transfers the published instrument's provenance to the vendor's test. If the chain is not allowed, C2 is false and C1 stands alone; C0 is false either way.","c2: R1 was considered and rejected: the Twitter users completed the vendor's test on their own initiative before the study and the authors administered nothing (E2), so under §5's rule that a flag attaches to the citing work's own use, the vendor's role here is the data source (R5). R2 was considered and rejected: the four-class grouping the work analyses — '• Analysts: Intuitive (N) and Thinking (T). • Diplomats: Intuitive (N) and Feeling (F). • Sentinels: Observant (S) and Judging (J). • Explorers: Observant (S) and Prospecting (P).' (Section IV. DATASET ANALYSIS) — is the vendor's own Roles taxonomy, but the work cites Shestakevych (25) for it, not the vendor; no vendor citation supports theory, norms or psychometrics anywhere in the text, and no vendor URL appears in the reference list. C1 is additionally supported by the Abstract ('56 thousand data points for the Myers-Briggs personality type (MBTI) prediction task') and by Section III ('and finally the MBTI personality type for each user through automatic means'), both naming as MBTI the labels obtained from 16personalities.com, and by the Preprocessing step 'If a user tweets multiple ‘16personalities’ links having different types, we remove them from our dataset to maintain consistency.' No second instrument and no non-human arm.",c2,True,False,
10_54254_2754_1169_14_20230830,10.54254/2754-1169/14/20230830,Personality Test Effect on Marketing in Digital Era: The Case of MBTI,journal_article,E4,E4,E4,,,,,,,False,False,False,False,False,False,False,False,False,False,False,False,False,False,False,False,False,False,True,True,True,False,False,False,False,False,False,False,False,False,False,False,False,,,,This article describes how to evaluate the skyrocketing of the popularity of “MBTI” test by researching and analyzing the key word for the on Google trend. — Abstract,c2,"c2: The vendor is never named or cited anywhere in this work, including the reference list: no occurrence of “16personalities”, “16personalities.com”, “NERIS Type Explorer” or “NERIS Analytics”, and the ten references resolve to YouTube, mydramalist, verywellmind, fisherald, trends.google, hearststorystudio, hawkpartners, britannica, pingwest and ecallis. The only 16Personalities word-form match in the whole text is the phrase “these 16 personalities” in 2.2, which follows the paper’s consistent count usage (“one of the 16 personality types”, “one of those 16 4-letter combination”, “classifies personalities into sixteen groups”, “grouped into each 16 types”, “sixteen group”) and denotes the MBTI’s sixteen types, not the vendor’s product name. §1 defines no_word_form as a retrieved text containing no 16Personalities word form at all, so this work is not that case and I have coded it; but the protocol does not decide how to code §5 and §6 when the sole word-form match does not denote the vendor. I read every R flag as requiring the citing work’s own use of “the vendor’s site or test” (§5 table header), so with no vendor citation present all six are false and C0 holds. A coder who instead read “these 16 personalities” as naming the vendor would reach R6, and could argue C1 on the grounds that the article names it interchangeably with the MBTI it discusses throughout. Flagged for adjudication. Separately, the two occurrences of “Official” in Table 2 are the names of Chinese WeChat accounts selling knockoff tests (“Official Accounts: MBTI Personality Test”, “Official Accounts: Yiqingsu”), which the work calls “knockoff tests there which are totally unwarranted”; they are not the vendor’s test being called official, so C3 is false. This work is not one of the three §7 calibration records.","c2: E4 basis: the work administers nothing and reports no type data of its own. Its evidence is a Google Trends series for the search term “mbti” (Figure 1, sourced to reference [5]) plus discussion of a Korean television programme, of the Barnum Effect, and of paid knockoff tests tabulated from a cited news article (Table 2, from reference [9]). The one survey statistic it reports — “97.4% of students in this school have taken the MBTI personality test at least once before” (1.3) — belongs to a study it cites (“the article that wrote by Jiesoo Kim and her group members”, reference [4]), not to this work, and in any case is a rate of test-taking rather than type data. Venue note (§3.6): the retrieved text is headed “Proceedings of the 2nd International Conference on Business and Policy Studies” on every page, so the document is a conference proceedings paper although work_venue_class is journal_article. Per §3.6 the venue class is not changed. text_is_abstract is false: this is a full paper of roughly 3,400 words with numbered sections 1-4, two tables, a figure and a ten-item reference list, not a conference abstract, so it is not an S6 record.",,True,False,
10_54254_2755_2721_8_20230275,10.54254/2755-2721/8/20230275,Prediction of MBTI Personality Leveraging Machine Learning Algorithms,journal_article,E2,E2,E2,,,,,,,False,False,False,False,False,False,True,True,True,False,False,False,False,False,False,False,False,False,True,True,True,False,False,False,False,False,False,False,False,False,False,False,False,,,,"""In this research, it is necessary to test the efficiency and prediction accuracy of an algorithm, so two sets of data are used in the research, the training, and the testing data. They are all collected from the Personality Cafe website forums randomly [7]."" — Section 2.1, Dataset",c2,"c2: Undecided by the protocol: whether reference-list-only vendor evidence can carry a C flag. This work never names 16Personalities or NERIS anywhere in its body text; the vendor appears only as reference [9], the country-profiles page. But the work compares its predicted MBTI four-letter types directly against that page's figures as if they were MBTI type frequencies for the population: ""However, the predicted data results differed significantly from the global personality distribution results [9]"" and ""although the data used to train and test the model are not representative of the worldwide personality distribution"" (Sections 3 and 5). Under the umbrella sentence of §6 (""treats the vendor's test and the MBTI as one instrument, or gives one the other's provenance or standing"") that use is arguably C1, because vendor output and MBTI output are treated as interchangeable. Under the C1 row itself (""The two are named as a single instrument"") and the §6 requirement of verbatim evidence, it is not: no sentence names them together, and both §7 calibration examples of C1 are sentences that name the two in one breath. §4.1 supplies a reference-list-only rule for the instrument code but §6 has no equivalent, so I coded C0 on the strict reading and flag the case rather than invent the missing rule. Second, smaller point: the paper's four dimension labels are the vendor's terminology, not the published MBTI's — ""Dimensions Mind Energy Nature Tactics"" under ""Table 1. Types of MBTI personality."" (Section 1) and ""each personality consists of four dimensions, namely mind, energy, nature, and tactics"" (Section 4 Discussion) — presented as the MBTI's own dimensions. No citation of any kind is attached to either, so neither R2 nor a C flag has a located vendor citation to attach to, and I did not code one.","c1: The paper's type labels come from an existing scraped dataset (Personality Cafe forum posts with an attached type column, 6505 training rows / 2169 test rows, 2 columns each), not from any instrument the authors administered, so this is E2 with no instrument code. The only 16Personalities/NERIS citation in the retrieved text is reference [9] (NERIS Analytics Limited, 16personalities.com/country-profiles/global page), used once in-text to explain why the forum-derived predicted type distribution differs from the 'global personality distribution' — i.e. as a source of population-level type frequencies (R3), not as an administered instrument, a theory source, a psychometric claim, or the source of the scraped training/test labels themselves (those come from Personality Cafe, ref [7], which is not a vendor citation). No sentence anywhere calls the vendor's test 'the MBTI', gives it a disclaimed Jung/Myers-Briggs lineage, or calls it official/standard/validated/professional, so C0 rather than C1/C2/C3. The whole retrieved file is a single complete article (abstract, introduction, method, result, discussion, conclusion, 10-item reference list) with no bundled neighbouring work, so §3.6 segmentation was not needed. || c2: Venue note (not §3.6): the retrieved text is a full five-section article with its own reference list, not a conference abstract, so text_is_abstract is false. It does, however, carry the running head ""Proceedings of the 2023 International Conference on Software Engineering and Machine Learning"" on every page, which sits oddly with work_venue_class = journal_article. Per §3.6 the venue class is not changed; recorded here only so the S1/S6 arms can see it. Shape note: this work matches the E2 example described in §4.1 — ""a prediction paper citing the vendor's country-profiles page for global type frequencies (2023)"" — which never reaches the instrument step. No second instrument and no non-human arm.",,True,False,
10_54254_2753_7064_7_20230899,10.54254/2753-7064/7/20230899,The Relationship Between Generation Z’s Myers-Briggs Personality Types and Marketing Communication,journal_article,E1,E1,E1,c,c,c,c-unnamed,c-unnamed,c-unnamed,False,False,False,True,True,True,False,False,False,False,False,False,False,False,False,False,False,False,True,False,,False,False,False,False,True,,False,False,False,False,False,False,"""The survey consists of questions regarding the participants’ demographics, self-reported personality types (using Myers-Briggs Type Indicator, MBTI), and their attitudes, perceptions, and behaviors regarding marketing communication."" — 3.1. Questionnaire (Method)",,,"""The survey consists of questions regarding the participants’ demographics, self-reported personality types (using Myers-Briggs Type Indicator, MBTI), and their attitudes, perceptions, and behaviors regarding marketing communication."" — 3.1. Questionnaire (Method)","c1,c2","c1: Borderline call on C1/C2, resolved as C0 but flagged for review. Section 2.1 is headed ""2.1. The Four Catagories of the MBTI Model"" (verbatim, sic) and its entire content — the Analysts/Diplomats/Sentinels/Explorers grouping and the role descriptions in 2.1.1-2.1.4 — is sourced only to references [5]-[8], all titled ""16Personalities, n.d. Roles - [group]"". The Discussion section repeats this pattern, attributing the same four groups' descriptive traits to ""(16 Personalities)"" while calling them MBTI types (""each MBTI type has a distinct preference""). This treats the vendor's own ""Roles"" taxonomy and descriptions as interchangeable with ""the MBTI Model"" itself, without ever noting 16Personalities is a distinct commercial product from the published MBTI — the same substance the protocol's C1/C2 flags target. But unlike the calibration examples (Koshiro's ""MBTI（16personalities）診断""; Tshimula's ""the official 16 personalities test (a popular MBTI questionnaire)""), the text never states an explicit identity, lineage, or authority claim in one sentence — the conflation here is structural (a heading plus a citation pattern) rather than asserted. I coded C0 on the stricter reading that C1 requires the two to be named as one instrument in a locatable statement, which this is not, but a more lenient reading of C1 (""named as a single instrument"" extended to a section literally titled the instrument's name and built entirely from the vendor's pages) could reasonably go the other way. This does not affect the E1/instrument(c) determination, which rests on a separate, unambiguous Methods statement. || c2: C2 is the borderline call. §6 defines C2 as 'The vendor's test is given a lineage the vendor itself disclaims'. This work never mentions the vendor's test at all; what it gives the published MBTI's lineage is the vendor's role taxonomy and type descriptions — the four-role grouping (Analysts/Diplomats/Sentinels/Explorers) is a NERIS/16Personalities construct, and the paper presents it as 'The Four Catagories of the MBTI Model', calls its groups 'four MBTI types', and sources 'the characteristics of the four MBTI categories' to '(16 Personalities)'. Read on §6's opening definition ('gives one the other's provenance or standing') this is C2; read strictly on the C2 row's wording ('the vendor's test'), no vendor test is named and the work would be C0. I coded C2 true and record the reading here rather than inventing a rule. Secondary, non-decisive point: §3.1 level 1 evidence says only 'self-reported personality types (using Myers-Briggs Type Indicator, MBTI)', which leaves open whether respondents completed an instrument inside this survey or reported a type obtained earlier elsewhere; E2 does not fit (no existing dataset, scraped profiles or other study), and §2's rule for works reporting type frequencies for their own participants with thin provenance gives E1 with instrument (c), so the E code is not itself in doubt.","c2: Sub-label choice: c-unnamed rather than c-vendor-cited-only (§3.4/§4.1). Vendor URLs do appear in the reference list ([5]-[8], 16personalities.com/articles/roles-*), but §4.1's shape requires that the work 'never says what respondents completed'; here Methods does state an instrument, 'self-reported personality types (using Myers-Briggs Type Indicator, MBTI)', with no form, publisher, version or URL, and the vendor pages are cited only for role/type descriptions in the Literature Review and Discussion, never as the thing administered. So this is not an (a) case under §3.2 either, and it should not enter the S3 arm as a c-vendor-cited-only work. Document type: the retrieved text is a full paper (Introduction / Literature Review / Method / Result / Discussion / Conclusion / 10 references), not an abstract, so text_is_abstract is false — but every page header reads 'Proceedings of the 4th International Conference on Educational Innovation and Philosophical Inquiries', i.e. the record carried as work_venue_class journal_article is a conference-proceedings paper. §3.6 covers abstracts only and forbids moving the venue class, so nothing is changed here; noted because it bears on S1/S6. Validity/reliability of the MBTI is sourced to a journal meta-analysis, not to the vendor ('The MBTI is one of the instruments that is said to be widely used globally for comprehending differences in personality [3].' — Introduction; [3] = Randall, Isaacson & Ciro, 2017), which is why R4 is false.","c0,c2",True,False,
10_1155_2024_7115633,10.1155/2024/7115633,The Self-Perception and Political Biases of ChatGPT,journal_article,E3,E3,E3,,,,,,,True,True,True,False,False,False,False,False,False,False,False,False,False,False,False,False,False,False,False,False,False,True,True,True,False,True,,False,False,False,False,False,False,,,"NERIS Analytics Ltd. Myers-Briggs Type Indicator. [Online]. Available: https://www.16personalities.com — References, entry [20]","In addition, ChatGPT answered the questions in the MBTI test ten times. — IV. Results, B. ChatGPT's Personality Traits","c1,c2","c1: E3 is my primary reading: the MBTI test is described as administered to ChatGPT ('ChatGPT answered the questions in the MBTI test ten times', IV.B), sourced to reference [20] (NERIS Analytics/16personalities.com), and every reported MBTI result and figure (Fig. 4, Table S10, the ENFJ finding in the Conclusion) is ChatGPT's own. However, Methods (III.A) also states: 'The tests were distributed between three of the authors on different computers, in different locations, networks, and times. The users personally took the tests listed above and had results that differed from those provided by ChatGPT.' Read literally, this says the three authors personally completed the same test battery (which includes the MBTI test) as human respondents, which under the E1 > E3 priority rule (§2, 'a work that administered to both humans and agents is E1 and its agent arm is noted in free text') would make this a mixed E1+E3 work. No human results, scores, or type are reported anywhere in the paper for this arm, and no instrument detail is given beyond 'the tests listed above' — the sentence reads as an incidental verification aside rather than a reported study arm. The protocol does not say whether an administration event with zero reported data counts as 'administered anything' for the E1>E3 priority, so I am not deciding this myself and am flagging it. || c2: E code is the undecided point. The study's reported data are entirely ChatGPT's answers, so E3 is my reading. But Methods also contains one sentence about humans completing the same instruments: ""The tests were distributed between three of the authors on different computers, in different locations, networks, and times. The users personally took the tests listed above and had results that differed from those provided by ChatGPT."" (III.A Experimental Setup). §2 says a work that administered to both humans and agents is E1 by the E1 > E3 priority, but E1 requires that ""Respondents completed a personality instrument for this study"", and the protocol does not say whether an author self-administration reported in one sentence, with no participants, no n, no reported human type data and no results section, counts as respondents completing an instrument for the study. I read it as a procedural check on the model's answers rather than a human arm, hence E3. If the adjudicator reads that sentence as a human arm, the work becomes E1 and the instrument code would be (a) at §3.1 evidence level 2: what was taken is ""the MBTI test with 60 items"" cited to [20], which resolves to https://www.16personalities.com (NERIS Analytics Ltd.), i.e. the §3.2 trigger. The R and C flags above are unaffected by which way this falls.","c1: Non-human respondent is ChatGPT '""Mar 23 Version""' (ChatGPT-3.5, per III.A). See uncertain_note for the ambiguous aside about the three authors personally taking the same test battery, with no data reported for that arm. The paper also administers to ChatGPT, but not analysed here per protocol: the political compass test, seven G7-specific political questionnaires (iSideWith), the Big Five/OCEAN test, and the Dark Factor test — none of these involve the 16Personalities/MBTI instrument. || c2: Non-human arm (the whole study): all instruments were administered to ChatGPT “Mar 23 Version” (ChatGPT-3.5), ten runs each. Instruments other than the MBTI test are outside §3 but are recorded here for completeness: the political compass test [13] (politicalcompass.org), the iSideWith G7 questionnaires [14], the Big Five / OCEAN test [16] (Truity Psychometrics LLC) and the Dark Factor test [23] (qst.darkfactor.org). Only [20] is a 16Personalities/NERIS reference, and it appears three times: Related Work (""freely available online [20]""), Methods (""was taken [20]""), and the reference list. C3 near-miss, recorded but not flagged: ""For this reason, we apply three of such tests to ChatGPT, chosen due to them being well-established and measuring different aspects of an individual's personality"" (II.B Related Work). ""well-established"" attaches to the three tests including the vendor's, but it is not one of §6 C3's terms (official, standard, validated, professional), and the work elsewhere concedes the MBTI's validity can be challenged (""This very assumption itself could be challenged [32]"", V. Conclusion), so I did not flag C3 rather than stretch the rule. Document note, not a venue change (§3.6): the retrieved text is the arXiv preprint of this record, not the 2024 journal version — the header carries the vertical arXiv stamp, which reads in reverse as arXiv:2304.07333v1 [cs.CY] 14 Apr 2023, while the assigned DOI is 10.1155/2024/7115633. It is a full article, not an abstract, so text_is_abstract is false.",c2,True,False,
10_30574_ijsra_2024_11_1_0297,10.30574/ijsra.2024.11.1.0297,Analysis of personality traits using Myers-Briggs type indicator in correlation to the academic performance of BS ECE undergraduates,journal_article,E1,E1,E1,c,c,c,,c-unnamed,,False,False,False,True,True,True,False,False,False,False,False,False,False,False,False,False,False,False,True,True,True,False,False,False,False,False,False,False,False,False,False,False,False,"To assess participants' personality traits, this study employed the Myers-Briggs Type Indicator (MBTI) assessment form developed by Dr. Harley Friedman, Program Director of Internal Medicine at Dartmouth Hitchcock Medical Center. — Materials and Methods, 2.2 Assessment Form",,,"Upon providing informed consent, participants completed the MBTI assessment through questionnaires and online through a secure platform. — Materials and Methods, 2.3 Data Gathering","c1,c2","c1: The main instrument code (c) is well supported: Materials and Methods 2.2 states plainly what was administered — 'the Myers-Briggs Type Indicator (MBTI) assessment form developed by Dr. Harley Friedman, Program Director of Internal Medicine at Dartmouth Hitchcock Medical Center' — which matches neither the (a) triggers (16personalities/NERIS) nor the (b) triggers (Form M/G/Q, MBTI Step I/II, or a stated purchase/licence/certified administration from The Myers-Briggs Company/CPP/OPP/a national distributor). The work also cites Briggs-Myers' CPP-published 'Introduction to Type' guide (ref [4]) alongside Friedman's form only as background support for reliability ('ensuring a reliable and widely recognized tool for personality evaluation [4, 5]'), which section 3.3 of the protocol says is not by itself (b). What is undecided is the sub-label: the work names a specific individual and institution for the administered form ('developed by Dr. Harley Friedman... Dartmouth Hitchcock Medical Center'), which is more specific than 'c-unnamed' implies (that sub-label's definition presumes no form is stated at all), yet no publisher, version, or URL is given anywhere (reference [5] reads only 'Friedman H. MBTI Personality Test. Dartmouth College; n.d.', with no link) that would let a reader verify it against any known instrument. It is not self-authored by this study's own researchers (ruling out c-authormade), it is not described as an unnamed online/free vendor-style test — section 2.3 describes online delivery of a named form, not an unnamed online test (ruling out c-online) — it is not reference-list-only since Methods states it directly (ruling out c-vendor-cited-only), and it is not a translation (ruling out c-translated). None of the five documented sub-labels cleanly covers an instrument attributed to a named non-publisher individual with no verifiable form/publisher/version/URL, so instrument_sublabel is left null rather than forced into one of the five. || c2: Two boundary calls the protocol does not fully decide. (1) C flags: the work never writes '16Personalities' or 'NERIS' anywhere in its body text; the vendor appears only as reference entry 13, reached through the bare numeric marker [13], and it is used to source MBTI type descriptions in Discussion 5.2. Sourcing MBTI type descriptions to the vendor's page arguably treats the two as one thing, but Section 6 asks for a located conflation statement, and no sentence here names the vendor's test and the MBTI as a single instrument, gives either the other's lineage, or calls the vendor's test official, standard, validated or professional. I therefore coded C0, but a reader who counts implicit conflation-by-citation would code C1, so this is flagged for adjudication. (2) Sub-label: the administered instrument is stated (an 'MBTI assessment form developed by Dr. Harley Friedman'), so it is not c-vendor-cited-only despite the vendor URL in the reference list; it is not author-made and not a translation. The residual choice is c-unnamed versus c-online. Section 2.3 says participants completed it 'through questionnaires and online through a secure platform', which I read as the study's own delivery mode rather than as an unnamed online MBTI test, so I coded c-unnamed (a form with no form designation, publisher, version or URL given; reference 5 is only 'Friedman H. MBTI Personality Test. Dartmouth College; n.d.').","c2: Instrument reasoning: not (b). The only publisher-linked citation is 'Briggs-Myers I. Introduction to Type: A Guide to Understanding Your Results on the MBTI Instrument. 6th ed. CPP, Inc; 1998' (reference 4), cited as what the Friedman form 'draws upon' — background reading, not a statement of what respondents completed, which Section 3.3 says is not by itself (b). No Form M/G/Q, no Step I/II, no purchase, licence or certified administration is stated. Not (a): what respondents completed is attributed to Friedman/Dartmouth, not to the vendor. Reference-numbering note, load-bearing for the R2 quote: the PDF-to-text extraction prints each reference's bracketed number immediately before the *following* entry, so the vendor entry appears in the retrieved file preceded by '[12]'. The offset is confirmed against in-text markers — [6] is cited for Microsoft Excel (Todorova), [7] for the four MBTI dichotomies (Myers & Briggs, Gifts differing), [10] for Orcutt, [12] for John Sample — which makes the NERIS/16Personalities entry reference 13, matching the [13] marker on the ESFJ and ENTP description sentences in Discussion 5.2. No second instrument and no non-human arm: one instrument, 70 human undergraduates, self-reported GWA/GPA analysed in Microsoft Excel 2019.",instrument_sublabel,True,False,
10_28945_5314,10.28945/5314,Design of Academic Gamification Model Based on Myers-Briggs Type Indicator (MBTI) Through Pre-experimental Design,journal_article,E1,E1,E1,a,a,a,,,,True,True,True,False,False,False,False,False,False,False,False,False,False,False,False,False,False,False,False,False,False,True,True,True,False,False,False,False,True,,False,False,False,"Participants’ personality types were measured using the MBTI questionnaire provided by NERIS Analytics Limited (2011). — Research Method, Instrument Design, User Types Survey",,"Participants’ personality types were measured using the MBTI questionnaire provided by NERIS Analytics Limited (2011). — Research Method, Instrument Design, User Types Survey","The three surveys were conducted in class using an online questionnaire completed by participants through a self-administered process. — Research Method, Pre-Data Collection and Analysis",c2,"c2: C3 is the undecided call. The work never applies an authority word to the vendor's test inside a sentence that names the vendor: the validity claims are made about ""the MBTI"" / ""this model"" in Introduction and Literature Review and are sourced to Khamparia & Pandey (2018). I coded C3 true on the transitive route, because the same work identifies the two as one instrument (C1: what respondents completed is NERIS Analytics Limited's questionnaire, called ""the MBTI questionnaire""), so ""robust validity"" and ""the most powerful tool"" are standing claimed for the instrument it administered — §6's preamble covers ""gives one the other's ... standing"". The protocol does not say whether a validity claim about ""the MBTI"" counts as calling the vendor's test validated when the work equates them; the §7 exemplar for C3 (Tshimula, ""the official 16 personalities test"") has the authority word attached directly to the vendor's test. If the adjudicator requires that direct attachment, C3 is false and only C1 stands. C2 was considered and coded false: there is no Jung / Myers-Briggs / published-MBTI derivation statement about the administered questionnaire anywhere in the text (""Jung"" does not appear at all), and the only provenance the work gives the instrument is the vendor's own and accurate one — ""This MBTI questionnaire has been in development and distributed since 2011"". Naming it ""the MBTI questionnaire"" is coded as identity (C1) rather than lineage, following the §7 Koshiro split where the naming carried C1 and a separate 「ユングのタイプ論に基づいた」 statement carried C2. Instrument evidence level: the Methods sentence itself names NERIS Analytics, which is a §3.2 trigger, so level 1 decides it without needing the reference-list URL; §4.1 (c-vendor-cited-only) does not apply because Methods does state what respondents completed. This work is not one of the three §7 calibration records.","c1: The reference list entry confirms the vendor identification: 'NERIS Analytics Limited. (2011). Personality Test. https://www.16personalities.com/free-personality-test' (References). The Methods section also states the same instrument 'is accessible in 30 languages, including Indonesian, which is the language utilized in lectures for the experimental classes in this research' (Research Method, Instrument Design, User Types Survey), i.e., a translated version of the vendor's test was used, per §4.3 this does not change the (a) code. Two other instruments (Academic Motivation Scale; Gamification Preferences Survey) were also administered but neither carries type data, so neither is a second instrument under §4.2. || c2: Two further instruments were administered to the same 32 respondents but neither produces type data, so §4.2 does not bite: the Academic Motivation Scale (28 items, Indonesian adaptation of Marvianto & Widhiarso, 2018, from Vallerand et al., 1992), run as pre-test and post-test, and a 45-item gamification preferences questionnaire the authors built from prior studies. The MBTI/NERIS questionnaire is the only source of the type labels used in the results (14 of 16 types across 32 participants; ENFP and ESFJ carried into the treatment stage). Reported psychometrics (validity 0.583-0.952, Cronbach's alpha 0.678-0.944) are for the AMS and gamification preferences surveys only — none are reported for the personality instrument, which is why R4 is false. No 16Personalities word form appears in the body text; the vendor is identified in Methods by company name and in the reference list by URL (https://www.16personalities.com/free-personality-test).",c3,True,False,
10_48550_arxiv_2405_02349,10.48550/arxiv.2405.02349,Explainable Multi-Label Classification of MBTI Types,preprint,E2,E2,E2,,,,,,,False,False,False,True,True,True,False,False,False,False,False,False,False,False,False,False,False,False,False,False,False,False,True,,True,True,True,False,False,False,False,False,False,,,"MBTI was developed by Katharine Cook Briggs and Isabel Briggs Myers, inspired by Carl Jung’s theory of psychological types. It assigns personalities into Energy [Extraverted(E) / Introverted(I)], Mind [Intuitive(N) / Observant(S)], Nature [Feeling(F) / Thinking(T)], and Tactics [Judging(J) / Prospecting(P)], where the different combinations of these four letters make up different personality types (NERIS Analytics Limited, 2013). — 1. Introduction",We combined all the data extracted from the subreddit together with the post and the MBTI type it belongs to based on the subreddit the post was extracted from. — 4.1 The Reddit data set,c2,"c2: C1 is a borderline call. The vendor's test is never named in the body text; the vendor appears only as a citation author (""NERIS Analytics Limited, 2013"") whose reference entry is ""NERIS Analytics Limited. (2013). Our Framework. 16Personalities. https://www.16personalities.com/articles/our-theory"". The work therefore does not literally name the two side by side as one instrument (the shape §7 records for Koshiro and Tshimula). I coded C1 true on §6's opening clause (""treats the vendor's test and the MBTI as one instrument""): every definitional statement about ""MBTI"" in Sections 1 and 2 is sourced to the vendor's framework page, and vendor-only constructs are labelled MBTI throughout — the Energy/Mind/Nature/Tactics dichotomy names, Observant(S) and Prospecting(P), and the Roles/Strategies layers (""Each MBTI type represents a different personality, and different combinations of each trait are separated into two different layers; the inner layer - Roles, and the outer layer - Strategies (NERIS Analytics Limited, 2013)."" — Section 2). A coder reading C1's table wording (""named as a single instrument"") strictly would set C1 false and leave only C2. E, instrument (n/a), and the R flags are not affected.","c1: No instrument is administered anywhere in this work: MBTI type labels come from (1) Reddit posts, attributed to a type by the MBTI-specific subreddit they were posted in (Section 4.1), and (2) a pre-existing Kaggle dataset scraped from the Personality Cafe forum by a third party ('Mitchell J'), Section 4.2. Both are scraped/secondary label sources, hence E2; no respondent completed any instrument for this study. Separately, on conflation: the body text describes 'MBTI' throughout using terminology and structure specific to the vendor (NERIS Analytics Limited, operator of 16Personalities.com per the reference-list entry 'NERIS Analytics Limited. (2013). Our Framework. 16Personalities.'), cited three times (Sections 1 and 2) as the source of what 'MBTI' is. Two details mark this as vendor-specific rather than the published MBTI: 'Tactics [Judging(J) / Prospecting(P)]' (the published MBTI's fourth dichotomy is Judging/Perceiving, not Judging/Prospecting) and the inner/outer 'Roles'/'Strategies' layer structure ('different combinations of each trait are separated into two different layers; the inner layer - Roles, and the outer layer - Strategies (NERIS Analytics Limited, 2013)', Section 2, 'Myers-Briggs Type Indicator'). This vendor-specific content is presented, without disambiguation, as constitutive of the officially published MBTI whose lineage (Briggs, Myers, inspired by Jung) is stated in the same paragraph — the basis for the C2 code. || c2: Second data source, same E2 basis: ""As our second dataset, we used a Kaggle dataset that already had data collected from an online forum called Personality Cafe, collected by Mitchell J, (https://www.kaggle.com/datasets/ datasnaek/mbti-type)."" — Section 4.2 The Kaggle data set. Both label sets are pre-existing/scraped (subreddit membership for Reddit, the Kaggle dump for Personality Cafe); nothing was administered to anyone, so no instrument code applies. No non-human arm: the models classify posts, they do not answer a questionnaire.",c1,True,False,
10_51889_2959_5967_2024_79_2_027,10.51889/2959-5967.2024.79.2.027,MYERS-BRIGGS COGNITIVE FUNCTIONS AND CAREER CHOICE IN THE FIELD OF ARCHITECTURE AND CONSTRUCTION,journal_article,E1,E1,E1,c,c,c,,c-unnamed,,False,False,False,True,True,True,False,False,False,False,False,False,False,False,False,False,False,False,True,True,True,False,False,False,False,False,False,False,False,False,False,False,False,"К анкете также прилагался тест на выявление когнитивных функций «Cognitive Process Assessment» состоящий из 48 вопросов с пятью вариантами ответа. (English: The questionnaire was also accompanied by a test to identify cognitive functions, «Cognitive Process Assessment», consisting of 48 questions with five answer options.) — 2. МАТЕРИАЛЫ И МЕТОДЫ ИССЛЕДОВАНИЯ (Materials and Methods)",,,"К анкете также прилагался тест на выявление когнитивных функций «Cognitive Process Assessment» состоящий из 48 вопросов с пятью вариантами ответа. (English: The questionnaire was also accompanied by a test to identify cognitive functions, «Cognitive Process Assessment», consisting of 48 questions with five answer options.) — 2. МАТЕРИАЛЫ И МЕТОДЫ ИССЛЕДОВАНИЯ (Materials and Methods)","c1,c2","c1: instrument sub-label (§3.4) only: the E1/(c) call itself is solid — Methods states respondents completed a named test, «Cognitive Process Assessment» (48 items, 5-point response scale), distinct from the authors' own 7-item demographic questionnaire, and this name resolves to neither the vendor's test (a) nor a published MBTI form (b), so it is (c) at evidence level 1. But none of the five §3.4 sub-labels fits the specific gap: c-unnamed presupposes the paper literally says 'the MBTI was administered' with no further detail, whereas this paper instead names a specific, differently-labelled instrument ('Cognitive Process Assessment') that is simply unsourced; c-online is not applicable because the text never states the test was online or offline; c-authormade does not apply because the test is explicitly distinguished from the authors' self-written questionnaire; c-vendor-cited-only does not apply because there is a Methods statement, not just a reference-list mention; c-translated does not apply because no translation is described. Rather than force one of these onto a case the protocol doesn't cover, instrument_sublabel is left null and flagged here for adjudication. || c2: The E code and the main instrument code are firm; only the §3.4 sub-label is undecided. Methods states what respondents completed — the «Cognitive Process Assessment», 48 items, five response options — so the code is reached at level 1 of the §3.1 hierarchy. That named test matches no §3.2 trigger for (a) and no §3.3 trigger for (b): it is not 16personalities / NERIS, it carries no Form M/G/Q or Step I/II designation, and the work states no purchase, licence, certified administration or authorised translation. Hence (c). What §3.4 does not decide: the administered test is *named* yet carries no author, publisher, version, citation or URL anywhere in the work, and no sub-label describes that shape exactly. c-unnamed was chosen as the closest fit because the gap it names (no form, publisher, version or URL) is precisely the gap here, but its wording assumes the test was called only «the MBTI», which is not the case. Rejected: c-authormade — the self-developed instrument in this work is the seven-question closed-answer demographic/attitude questionnaire (""Нами была разработана авторская анкета из семи вопросов закрытого характера.""), not the cognitive-function test that produced the types; c-online and c-translated — the work never says the test was online, free or translated; c-vendor-cited-only (§4.1) — that label requires that the work never says what respondents completed, whereas this work does say, so the vendor URL at reference [10] is not the only instrument-relevant evidence here.","c1: Second citation of note, out of R/C-flag scope: ref [11] cites truity.com ('который является крупнейшим сайтом' / 'the largest site') for which MBTI types are best suited to architecture (INFP, ISFP, INTP) versus construction (ISTP, ISFP). truity.com is a different vendor from 16Personalities/NERIS, so per §5's title ('what the 16Personalities citation is doing') this citation is left uncoded for R1-R6 rather than force-fit onto the 16Personalities flags. Also of note: the Introduction frames the study's aim as applying 'опросник Майерс-Бриггс' ('the Myers-Briggs questionnaire') / 'Тест MBTI' as the intended tool ('Предлагается использование опросника Майерс-Бриггс в качестве основного инструмента выявления типа личности'), but Methods instead names the operational instrument 'Cognitive Process Assessment' — the paper never explicitly equates the two by name, so this is not coded as a C-flag (no verbatim identity/provenance/authority statement about the 16Personalities vendor specifically), but the discrepancy between the framing language and the named instrument is the reason instrument code (c) applies rather than (a) or (b). || c2: Two instruments were administered but only one produced the type data, so §4.2 does not bite: the types reported throughout Results come from the «Cognitive Process Assessment», while the authors’ own seven-item closed-answer questionnaire collected sex, age, specialty, attitude to the course, and perceived difficulty of study and work. No non-human arm. Two further points a reader may want: (1) a second, non-vendor site is cited for career predispositions — ""В соответствии с данными truity.com"" with reference [11] — which carries no §5 flag because §5 flags the vendor’s site or test only; (2) Results name types with Russian nicknames — ""INFP (Посредник)"", ""ISFP (Артист)"", ""ISTP (Виртуоз)"", ""INTP (Учёный)"" — whose source the work never states. Since the text attributes them to nothing, they were not used as evidence for any R or C flag; identifying their origin would require going outside this file.",instrument_sublabel,True,False,
10_35511_978_963_334_499_6_papp_vary_ronky,10.35511/978-963-334-499-6-papp-vary-ronky,Márkázott szuperhősök: Hogyan formálják a különböző termék- és szolgáltatásmárkák Amerika kapitány és Vasember karakterét a Marvel filmekben?,book_chapter,E2,E2,E2,,,,,,,False,False,False,True,True,True,False,False,False,False,False,False,True,True,True,False,False,False,False,False,False,False,False,False,True,True,True,False,False,False,False,False,False,,,"""A két vizsgálandó karakter, Amerika kapitány és Vasember vizsgálatához az MBTI mo- dell továbbfejlesztését alkalmazzuk, melyet a módszer megalkotói NERIS Type Explorernek neveztek el."" (English: ""For examining the two characters under study, Captain America and Iron Man, we apply a further development of the MBTI model, which the creators of the method named the NERIS Type Explorer."") — Section 4.5 ""Az MBTI modell és a NERIS Type Explorer módszertana""","""Ez a fenti kombináció adja ki azt a szuperhőst, Amerika kapitányt, aki képes több külön- böző karakterrel és akarattal rendelkező csapattársát irányítani, kezelni, erősségeikre és adott esetben gyengeségeikre építeni (Monica, 2019a)"" (English: ""This above combination produces the superhero Captain America, who is able to lead and manage teammates possessing many different characters and wills, building on their strengths and, where applicable, their weaknesses (Monica, 2019a)."") — Section 5 ""Amerika kapitány márkakaraktere""","c1,c2","c1: The E-code categories (§2) are framed around respondents — human (E1), reused labels of real people/scraped profiles (E2), or artificial agents (E3) — completing or being assigned a personality instrument. This work assigns 16Personalities/NERIS Type Explorer and MBTI types to two FICTIONAL movie characters (Captain America, Iron Man), not to real people, a dataset of real people, or an AI agent; no respondent of any kind completed anything. The authors derive most of the character profile themselves from close viewing of the 11 films, but for the specific NERIS Type Explorer type label assigned to each character (Captain America = 'védelmező'/Defender; Vasember = 'parancsnok'/Commander) the text explicitly attributes the classification to an existing published source — NERIS Analytics Limited's own 'Avengers Personality Series' blog articles about these two characters (Monica, 2019a and 2019b, cited at the close of the respective character-profile passages) — and the dichotomy definitions used to elaborate the profiles are likewise sourced to the vendor's own 'Our Framework' page (NERIS Analytics Limited, 2020). Read literally, this best matches E2 ('Type labels came from an existing dataset, scraped profiles, or another study. The authors administered nothing.'): nothing was administered, and the type label for each named subject is sourced to an existing piece — but the 'subject' is fictional and the 'existing... study' is a vendor content-marketing blog post rather than a dataset or academic study, a shape the protocol's examples do not anticipate. E4 ('no type data') was considered and rejected because the work does report specific type labels and per-dichotomy characterizations for named subjects, which contradicts E4's own header definition ('reports no type data'). E1 was also considered and rejected because §2's fallback rule for E1(c) — 'a work says nothing about provenance but reports type frequencies for named participants' — does not apply here: this work does state its provenance (Monica, 2019a/2019b). I coded E2 as the closest literal fit but flag the case as uncertain because the protocol's E2 wording appears written for reused human-subject data, not for a vendor's fictional-character content-marketing typing of a movie character. || c2: (1) E code, E2 versus E4, is the real undecided point. Nobody was measured: the units carrying types are two fictional film characters, and the primary research is watching 11 Marvel films and cataloguing brand placements, so E1 and E3 are both out. E4 says ""the work reports no type data"", and that is false as written here — the work reports and reasons from two types (védelmező = Defender for Captain America, parancsnok = Commander for Iron Man), and those types carry hypotheses 7 and 8. E2 says ""Type labels came from an existing dataset, scraped profiles, or another study. The authors administered nothing."" The second sentence is plainly true, and the first is true in substance — the labels are attributed to ""A NERIS Type Explorer meghatározása szerint"" and cited to the vendor's own published character profiles (Monica 2019a, 2019b), whose titles carry those very types. It is not exactly true in form: a vendor article typing a comic-book character is not a dataset, a scrape, or a study, and §2 nowhere contemplates type labels attached to fictional characters rather than to respondents. I coded E2 because it requires an approximate fit while E4 requires a statement that the text contradicts; a coder reading E2's three provenances strictly would land on E4. Adjudication needed. The choice does not touch the instrument code, which is null on either reading. (2) R5 follows the same provenance judgement and inherits the same doubt: R5's wording (""where labels or profiles were scraped from or matched to"") is written for scraped datasets, and here it is two hand-matched published character profiles. If the adjudicator rules E4, R5 should be reconsidered with it; R2 is unaffected either way. (3) Two near misses coded false and recorded so they are visible. R4 and C3: ""ezzel egy még pontosabb elemzési lehetőséget biztosítva"" [EN gloss: ""thereby providing an even more accurate analytical option""] — 4.5, asserts better accuracy for the vendor's test, but it is the authors' bare assertion with no reliability or validity figure and no vendor page cited in support, so it is not the vendor's webpage cited as psychometric evidence (R4); and ""pontosabb"" is ""more accurate"", none of C3's markers (official, standard, validated, professional). The only psychometric source in the work is Boyle (1995), ""Myers-Briggs Type Indicator (MBTI): Some Psychometric Limitations"", which is about the MBTI and is not vendor material. C1: coded false because the work keeps the two names apart — the abstract lists ""(Aaker, Mark&Pearson, MBTI, NERIS Type Explorer)"" as separate models and section 1 calls the vendor's test ""Az MBTI-hoz hasonló, de 5 betűs karakterológia"" [EN gloss: ""a characterology similar to the MBTI, but with 5 letters""] — but another coder could read the 4.5 sentence that applies the further development of the MBTI model, ""melyet a módszer megalkotói NERIS Type Explorernek neveztek el"" [EN gloss: ""which the creators of the method named the NERIS Type Explorer""], as naming the two a single instrument rather than as lineage. (The full sentence is printed with a PDF line-break artefact, ""az MBTI mo- dell továbbfejlesztését alkalmazzuk"", which is why only the clean span is quoted here.) R1 was considered and rejected: nothing was administered, and fictional characters are neither humans nor agents.","c1: The paper analyzes two fictional Marvel movie characters (Captain America/Steve Rogers, Iron Man/Tony Stark), not real survey respondents. Alongside MBTI/NERIS Type Explorer, the authors apply several unrelated, non-MBTI typology frameworks to the same two characters and to the product/service brands appearing alongside them: Jennifer Aaker's Brand Personality dimensions, Mark & Pearson's 12 brand archetypes, Rogers' innovation-adoption curve, Jungian type theory, and the DISC model (Sections 4.1-4.4, 4.6). None of these carry a 16Personalities/vendor citation and so are out of scope for this audit's R/C flags. MBTI's own origin is described in Section 4.5 via Katharine Briggs and Isabel Briggs Myers, without a vendor-domain citation attached to that specific sentence, so it does not independently trigger an R flag; the R2/R5 flags recorded here rest specifically on the NERIS Type Explorer citations to NERIS Analytics Limited (2020, 'Our Framework') and to Monica (2019a, 2019b — the vendor's own 'Avengers Personality Series' character-typing articles, both hosted at 16personalities.com). || c2: No instrument was administered to anyone: there is no human respondent arm and no language-model or other artificial-agent arm. The entities given types are two fictional film characters (Steve Rogers / Captain America, Tony Stark / Iron Man) and the product and service brands placed around them. Four further typologies are applied to the same subjects alongside the NERIS Type Explorer — Rogers' innovation adoption curve, Jung's types, DISC, the Mark and Pearson archetypes and Jennifer Aaker's five brand personality dimensions — none of them a 16Personalities or MBTI form, and none administered either. The MBTI is discussed as a model in 4.5 but no MBTI form, publisher or licence is named anywhere. §3.6 scope note: the retrieved file is the whole Sopron 2024 conference volume's front matter (cover data, organising and scientific committees, and a table of contents listing some sixty other papers) followed by this one chapter, DOI 10.35511/978-963-334-499-6-Papp-Vary-Ronky, pp. 591-608, from the Absztrakt through its own Irodalomjegyzék. Only that chapter was used as evidence; every MBTI, 16Personalities and NERIS occurrence in the file falls inside it, and the other titles appear only as table-of-contents lines.",,True,False,
10_1609_aaai_v39i2_32125,10.1609/aaai.v39i2.32125,"Open Models, Closed Minds? On Agents Capabilities in Mimicking Human Personalities through Open Large Language Models",conference,E3,E3,E3,,,,,,,True,True,True,False,False,False,False,False,False,True,False,,False,False,False,False,False,False,False,False,False,True,True,True,False,True,,False,True,,False,False,False,,,"We acknowledge the availability of an online MBTI test provided by Myers&Briggs Foundation. However, each assessment using it costs ∼$60, and consid- ering our need for around 20,000 assessments, the overall expense would become impractical. Consequently, we opted for the free-to-use 16personalities.com, a reliable alternative assessment tool. — Limitations, Evaluation tools","An LLM is required to select an answer from OMBTI = {Agree, Generally Agree, Partially Agree, Neither Agree nor Disagree, Partially Dis- agree, Generally Disagree, Disagree}. — Methodology, Administering the Tests",c2,"c2: Two borderline calls, both on the same sentence in Limitations, Evaluation tools: ""Consequently, we opted for the free-to-use 16personalities.com, a reliable alternative assessment tool."" (1) C3: §6 enumerates ""official, standard, validated, or professional""; ""reliable"" is not one of those four words, so the literal trigger list does not decide it. I coded C3 true because the sentence asserts psychometric standing for the vendor's test in order to justify substituting it for the paid Myers&Briggs test, which is the authority claim the flag names. A coder reading the enumeration as closed would code C3 false. (2) R4: I coded it false. The work asserts the tool is ""reliable"" but cites no vendor page as the evidence for that, and §5 glosses R4 as the vendor's own webpage cited as psychometric evidence (cf. the Bai 2025 calibration record, where reliability figures are sourced to a vendor URL). Under a looser reading of the R4 table row (""psychometrics | evidence of reliability or validity""), this sentence could be R4 true. Also noted: the same Limitations paragraph partially states the distinction the C flags are about — ""We acknowledge the availability of an online MBTI test provided by Myers&Briggs Foundation."" — while the rest of the work still calls the vendor's 60-item test ""The MBTI test"" and its outputs ""MBTI personality""; I read the acknowledgement as not cancelling C1/C2, since §6 makes C0 available only when no C1-C3 statement applies.","c1: This work also evaluates a closed model (GPT-4o) using the same MBTI/BFI administration methodology; results appear only in the Extended Version, not in this retrieved text: ""our approach and evaluation methodology are equally applicable to closed models (cf. Extended Ver. A13 for results on the new GPT-4o)"" — Conclusions, Closed models? || c2: Non-human arm (the whole study): 12 open LLM agents — ""Our study involves a representative body of the Open LLM landscape, varying by sizes and architectures, for which we accessed their publicly available implementations on the HuggingFace Model Hub as of early 2024."" (Methodology, Models); an additional closed model is reported only in the extended version — ""It should be emphasized that our ap- proach and evaluation methodology are equally applicable to closed models (cf. Extended Ver. A13 for results on the new GPT-4o)."" (Conclusions, Closed models?). Second instrument administered to the same agents: the Big Five Inventory — ""the BFI test utilized in this study provides a set QBFI of 44 questions as defined in (John and Srivastava 1999)"" (Methodology, Administering the Tests); it is not a 16Personalities or MBTI instrument and does not bear on the §3 codes. R2 was coded false deliberately: the theory/description source cited for MBTI is the Myers-Briggs Company site, not the vendor — ""the “ground-truth” description of the latter provided by domain experts (themyersbriggs.com for MBTI and (John, Naumann, and Soto 2008) for BFI)"" (Methodology, Awareness Check). R3 was coded false: the population-rarity claim is sourced to psychometrics.com in footnote 3, not to the vendor. The source of the seven per-type trait features used for personality conditioning is deferred to the extended version (Extended Ver. A11-A12) and is not stated in the retrieved text, so it was not read as vendor evidence.","r4,c2,c3",True,False,
10_56855_ijcse_v3i1_896,10.56855/ijcse.v3i1.896,Recognizing and Interpreting Personality Types of Senior Secondary School EFL Learners,journal_article,E1,E1,E1,a,a,a,,,,True,True,True,False,False,False,False,False,False,False,False,False,False,False,False,False,False,False,False,False,False,True,True,True,False,True,,False,False,False,False,False,False,"In this research, the researcher uses the MBTI test in https://www.16personalities.com/id to recognize students’ personality types. — 1.2.3 Recognizing and Interpreting Personality Types",,"One of the famous personality types is MBTI. This test can indicate differing psychological factors people use to perceive the world and make decisions (Myers & Myers, 1995). In this research, the researcher uses the MBTI test in https://www.16personalities.com/id to recognize students’ personality types. — 1.2.3 Recognizing and Interpreting Personality Types","However, in this study, the researcher used a developed MBTI-based personality test for ease of study with the same question as the are in abovementioned https://www.16personalities.com/id. — 3.2 Collecting Data on Students’ Personality Type",,,"c1: Three named students (Kendra, Sheva, Sabrina) were interviewed and typed; Figure 1 caption reads 'Personality types of the interviewee based on the test tools, from left to right: Kendra, Sheva, and Sabrina' (3.2/3.3), corroborating that a test was actually administered rather than merely discussed. Section 3.2 states the administered test used 'the same question as' the ones at https://www.16personalities.com/id, and 1.2.3 states plainly the researcher 'uses the MBTI test in https://www.16personalities.com/id' — both point to (a). Considered but not coded C2 (provenance): the sentence preceding the identity statement cites Myers & Myers (1995) for what 'MBTI' can do, and the next sentence calls the vendor's site 'the MBTI test', but this reads as an identity claim (C1) rather than an explicit lineage/derivation claim ('based on'/'derived from' Myers-Briggs or Jung), so C2 was left false. No second instrument, no non-human arm, and no other work sharing this file were found. || c2: E code: the work repeatedly calls itself a review (""This review aims to elucidate previous researches on how personality affect English comprehensions among learners"" — Abstract; ""This research is a descriptive analysis that was conducted through interviews and a literature review"" — 2.1 Research design), but it also administered a personality test to three named senior high school interviewees and reports their types (Figure 1). Mixed work coded E1 under the §2 priority E1 > E3 > E2 > E4. Instrument code: the level-1 data-collection sentence quoted above is garbled in the retrieved text and could be read either as the vendor's own test or as a reproduction of its items (""a developed MBTI-based personality test ... with the same question as the are in abovementioned https://www.16personalities.com/id"" — 3.2). The reading is settled by the plain statement in 1.2.3, ""In this research, the researcher uses the MBTI test in https://www.16personalities.com/id to recognize students' personality types"", which states the vendor's site as the thing respondents completed, so §3.2's trigger for (a) is met and §3.4 c-authormade does not apply (the work never says the authors wrote the items). §4.3 also applies: /id is the vendor's Indonesian-language version, and a translated version of the vendor's test is (a). C2 rests on the two sentences immediately preceding the (a) statement, which describe ""the MBTI test"" via Myers & Myers (1995) and then locate that test at the vendor's URL. C3 was considered and not set: the only standing-type claims about the tool are ease and speed (""Compared to traditional questionnaires, this tool is easier to use and can be performed quickly"" — 3.3), not official, standard, validated or professional. R4 was considered and not set: no reliability or validity claim anywhere is sourced to the vendor.",c2,True,False,
10_62381_acs_sdit2024_46,10.62381/acs.sdit2024.46,Research on the Relationship Between MBTI and Physical Education Course Selection of Secondary School Students,conference,E1,E1,E1,a,a,a,,,,True,True,True,False,False,False,False,False,False,False,False,False,False,False,False,False,False,False,False,False,False,True,True,True,False,False,False,False,True,,False,False,False,this study questions for selected the 60- question version of MBTI (link: https://www.16personalities.com/ch/) — 2.2.1 Material preparation procedures,,this study questions for selected the 60- question version of MBTI (link: https://www.16personalities.com/ch/) — 2.2.1 Material preparation procedures,"The respondents need to click on the link to conduct the MBTI personality type survey, to save their personality type and the score of each the dimension — 2.2.2 Data collection procedures",c2,"c2: C3 is the borderline call. The words listed in Sec 6 for C3 (official, standard, validated, professional) do not appear anywhere in this text, and neither does Jung, Myers or Briggs (so C2 is false). The only authority-flavoured wording is the vendor test being called ""the internationally used MBTI personality type test"" and being selected ""in order to ensure the accuracy of the test"", both in 2.2.1. I read that as giving the vendor's test the standing of an established instrument (Sec 6 preamble: ""gives one the other's provenance or standing"") and coded C3 true, but the protocol does not say whether near-synonyms of the four listed adjectives qualify, so an adjudicator may reasonably rule C3 false and leave C1 as the only conflation flag. C1 itself is not in doubt: the 16personalities.com/ch/ test is named as ""the 60- question version of MBTI"", i.e. one of ""many versions of the MBTI test"". R4 was coded false on the same sentence: the vendor page is cited as the place the test was taken, not as a source of reliability or validity evidence (no coefficients or psychometric figures are attributed to it anywhere), which is what Sec 5 describes for R4.","c2: Retrieval note: the file is an OCR'd conference paper (SDIT2024 proceedings) whose word order is scrambled in places; all quotes above are copied exactly as they stand in the retrieved text, including the scrambled run ""answering this study questions for selected the 60- question version"". The text is a full paper (Introduction, Research Process, Research Results, Conclusions, References, Tables 1-5), not an abstract. Sec 4.2 does not apply: the only personality instrument is the vendor test at https://www.16personalities.com/ch/; the other instrument in the study is a self-compiled Wenjuxing (Questionnaire Star) questionnaire measuring course-selection preference on a Likert five-point scale, which produced no type data (""Some questions use the Likert five-point scale to quantify the subjective feelings of the respondents"" — 2.2.1). Types were self-reported into that questionnaire from the vendor's result screen (""take a screenshot"" — 2.2.2), which does not change who administered what. R2 was coded false although Table 2's type labels (Explorer Personality, Mediator Personality, Campaigner Personality, Logician/logistician, Architect, Commander, Debater) are the vendor's nicknames and are used throughout the results: Sec 5 requires a located sentence or reference entry citing the vendor, and Table 2 and Sec 3.2 carry no attribution at all, while the reference list (8 entries, all sports-education and sports-selection sources) contains no vendor URL. No neighbouring work is present in this file (Sec 3.6).",c3,True,False,
10_37999_udekad_1397272,10.37999/udekad.1397272,TRANSLATION OF PSYCHOLOGICAL TESTS: A CASE STUDY ON THE TRANSLATION OF MBTI TESTS,journal_article,E4,E4,E4,,,,,,,True,True,True,True,True,True,False,False,False,False,False,False,False,True,,False,False,False,False,False,False,True,True,True,True,True,True,False,False,False,False,False,False,,,"For this purpose, the study examines the main characteristics and types of psychological tests, specifically focusing on the definition, history and translations of Myers–Briggs Type Indicator (MBTI) test, obtained from a website called 16personalities.com. — Introduction | The Myers–Briggs Type Indicator (MBTI) was created by two Americans, namely Katharine Cook Briggs and her daughter Isabel Briggs Myers, who were inspired by the Swiss psychiatrist Carl Jung’s book titled Psychological Types (Pittenger, 1993, p. 467)... In order to take the test, 16personalities.com website has been chosen. — 2. Myers-Briggs Type Indicator as a psychological text type","This study aims to provide a comparative analysis of the translation of psychological tests and test results, focusing on their French and Turkish translations. The data are obtained from the result page of the “INTJ” personality type on 16personalities.com. — 3. Methodology and theoretical framework",c2,"c2: E1 vs E4 is a genuine edge here and the protocol does not settle it explicitly. Coded E4 because the work's subject is the translation of the instrument itself — §2 lists “translation and validation studies of the instrument itself” under E4 and names translation studies among the corpus works that measured nobody; the stated data are texts, not type data (“The data are obtained from the result page of the “INTJ” personality type on 16personalities.com”, Methodology); no participants are recruited, and no type frequencies are reported; and §4.4's E1 exception requires administering the instrument to respondents, which this work does not do. Against that, the two authors did complete the vendor's test themselves in English, French and Turkish and report their own type: “Since the authors of this study have taken the test themselves and obtained the result of INTJ” (section 2) and “Although the authors have obtained the same result on every version of the test, their feelings and attitudes have changed in each of them” (section 4.2). A literal reading of E1 (“Respondents completed a personality instrument for this study”) could take that self-administration as primary administration; on that reading the instrument code would be (a) at evidence level 1, since the work states in its Methodology-equivalent sections that the test taken was the one on 16personalities.com. What the protocol does not decide is whether authors self-administering in order to obtain study material counts as respondents completing an instrument for the study. R1 is flagged true for that self-administration because it is this work's own use of the vendor, not a use reported of a study it cites (§5). R3 is left false: the work notes “they have a map on their website showing various characteristics (e.g. introverted or extroverted) of countries” (section 2), but no claim in the work rests on those figures — it is a description of the site, not a use of norms. C3 is left false because the work makes the opposite claim about the test's standing: “scientists consider this test to be a part of pseudoscience implying its unreliable and invalid nature” (section 2).","c1: The authors describe self-administering the test (""Since the authors of this study have taken the test themselves and obtained the result of INTJ"", ""Although the authors have obtained the same result on every version of the test, their feelings and attitudes have changed in each of them"" — Section 2 / 4.2) to obtain the English, French and Turkish INTJ result-page text as the study's translation corpus. No type frequencies or participant data are reported or analyzed; the reported content is a comparative linguistic analysis of the result-page wording across languages, matching the E4 category 'translation ... studies of the instrument itself' (§2) rather than an administration whose type data is the study's finding. || c2: The work identifies the vendor correctly — “16personalities.com is a website created in 2011 by NERIS Analytics Limited (based in United Kingdom)” (section 2, Myers-Briggs Type Indicator as a psychological text type) — and nonetheless calls it “the MBTI website (16personalities.com)” and analyses its pages throughout as “the MBTI test” (section 4 heading: “4. Translation of the MBTI Test”), so the C1/C2 conflation is made with the vendor's separate corporate identity in view. No second instrument and no non-human arm.",r5,True,False,
10_31235_osf_io_c9raf,10.31235/osf.io/c9raf,"The MBTI, cultural creation and self-conceptions: A case study of a subcultural meme on Chinese social media",preprint,E2,E2,E2,,,,,,,True,False,,True,True,True,False,False,False,False,False,False,False,False,False,False,False,False,False,False,False,True,True,True,False,True,,False,False,False,False,False,False,,,"Online sources such as the 16 Personalities website presented the MBTI as a non- hierarchical measure of personality, with no four-letter code being better or worse than the others — The MBTI as an appropriate cultural item","came from self-administered tests that individuals could take repeatedly (or even skip altogether, as we never saw any demands for proof of a test result) — The MBTI as an appropriate cultural item",c2,"c2: The undecided case is E2 vs E4. E1 is excluded: the researchers administered nothing — METHODS reports online participant observation, 20 semi-structured interviews and archived public posts, and no instrument given to anyone by the authors. Type labels do enter the work: interviewees were sampled so as to represent “each of the 16 personality types” and quoted posts/interviews carry four-letter codes (“I'm an ENTJ married to an INFP...” [post on Xiaohongshu, Nov 7, 2023]). Those labels came from participants' own prior self-administration and from publicly archived social media content, which reads as E2 (“Type labels came from ... scraped profiles ... The authors administered nothing”). A rival reading is E4: this is a cultural/discourse study of talk about the MBTI, and it reports no type data as data — no frequencies, no analysis of types. The protocol does not say whether self-reported types used only as sampling strata and illustrative quotes count as type data, so E2 was coded on the sampling sentence, with E4 the live alternative. Two further judgements worth flagging: (i) R1 was not set even though the 16Personalities test is the instrument the studied population took, because §5 attaches a flag to the citing work's own use and this work performed no administration — the same reasoning §12 records for c2 on Tshimula 2026; R6 was also not set because claims in the work do rest on the vendor's site (its affordances carry the usability and appropriateness analyses). (ii) C3 was not set although a quoted participant writes “MBTI itself has a theoretical basis. […] Leaving aside other aspects, MBTI's accuracy and impact are genuinely high” [Post on Zhihu, Apr 12, 2022] — that is reported data about users, and the authors' own framing is the opposite (“Many social and personality psychologists have dismissed the MBTI as pseudoscientiﬁc”; self-conceptions “stabilized in a modern (pseudoscientific) manner”).","c1: This is a qualitative ethnography (participant observation, semi-structured interviews, content analysis) of MBTI-related content on Chinese social media, not a survey study. Methods states the 20 interviewees were recruited because they 'had actively posted MBTI codes or content on social media' and were reached via stratified snowball sampling 'to represent each of the 16 personality types,' which only makes sense if their type labels already existed before the study. Findings makes this explicit: MBTI results in the population studied 'came from self-administered tests that individuals could take repeatedly ... as we never saw any demands for proof of a test result' — the authors never administered an instrument themselves, so E1 does not apply and this is coded E2 rather than defaulting to E1(c), since provenance (self-administration, unverified) is stated rather than silent. No non-human respondents. No second personality instrument beyond the 16Personalities test discussed in the R1/R2 evidence (the 'Myers-Briggs company' Starbucks tie-in mentioned in the Known/Triggered sections is background data about a marketing campaign, not an instrument administered to this study's own respondents, and is not the 16Personalities vendor, so it was not coded under §5). The retrieved file is a single continuous article (a pre-proofed version of the Symbolic Interaction publication) with no neighbouring work bundled in it. || c2: No second instrument and no non-human respondent arm. The work does report users assigning MBTI codes to non-human entities — ""Brown University really feels like an ENFP."" / ""I believe Harvard and Stanford are the quintessential ENFJs."" [posts on Xiaohongshu, Oct 27, 2023] — FINDINGS, “The MBTI as a triggered cultural item” — but this is social media users typing institutions in posts, not an instrument administered to an artificial agent, so it is not an E3 arm. Separately, the retrieved text is the author version of a work published in a journal: ""This is a pre-proofed version. See https://doi.org/10.1002/SYMB.70012 for the ﬁnal version."" — title page. Venue class was not changed (§3.6). The retrieved file also carries a title different from the one supplied for this key (""The MBTI as a cultural meme, its diffusion on Chinese social media, and its signiﬁcance for millennials’ and gen-Zs’ selves and identities""), but it is the same work — same authors, same MBTI/Chinese-social-media case study — and the file contains no second work.","r1,c2",True,False,
https_openalex_org_w7132076821,,Идентифициране на личностните типове на кметовете в местното самоуправление в България по типологията на Майерс – Бригс,repository,E1,E1,E1,c,c,c,c-unnamed,c-vendor-cited-only,,False,False,False,True,True,True,True,True,True,False,False,False,False,False,False,False,False,False,True,False,,False,True,,False,False,False,False,False,False,False,False,False,"Формулярът, който прилагаме в настоящото изследване, е стандартизиран, включва 60 затворени въпроса и изследва личното мнение по редица въпроси. ('The form we apply in the present study is standardized, includes 60 closed questions, and examines personal opinion on a number of issues.') Also: Въпросникът е създаден от Изабел Бригс Майерс и нейната майка Катрин Кук Бригс... ('The questionnaire was created by Isabel Briggs Myers and her mother Katherine Cook Briggs...') — Методология и описание на изследването (Methodology section)",,,"В настоящата статия ще поставим акцент върху анализа на отговорите от един от въпросниците, приложен в по-обширно изследване, който изследва личностните типове според индикатора за типология на Майерс – Бригс. ('In this article we will focus on the analysis of the responses from one of the questionnaires applied in a broader study, which examines personality types according to the Myers–Briggs typology indicator.') — Методология и описание на изследването (Methodology and description of the study)","c1,c2","c1: Two judgment calls flagged for adjudication. (1) Instrument sub-label: the described instrument (standardized, 60 closed items, 7-point Likert scale 'от 1 Съгласен съм до 7 Не съм съгласен') is attributed by origin to Isabel Briggs Myers and Katherine Cook Briggs, but no form name, publisher, version or URL is stated for what was actually administered, so I coded c-unnamed. c-translated was considered instead, since the survey plainly ran in Bulgarian, but the text never uses a word for 'translated'/'translation' ('превод'/'преведен' do not appear), so I did not code it on an inference the text doesn't state. (2) Conflation: Table 1 is titled 'Резултати от изведените личностни типове на кметовете в българските общини по типологията на Майерс – Бригс' (results ... according to the Myers–Briggs typology) and its footer cites only 'https://www.16personalities.com/bg' as the source for the type names, world-population percentages, and strengths/weaknesses shown in that table. Placing 16Personalities-sourced descriptive content under a table explicitly framed as 'the Myers–Briggs typology' could be read as an implicit C2 provenance conflation (the vendor's content given the published MBTI's standing). I coded C0 because §6 requires verbatim evidence recorded with a sentence, and no single sentence in the text states an identity, provenance, or authority claim about 16personalities.com specifically — the table title and the footer citation are two separate elements, not one conflating sentence. A human reader may reasonably weigh this juxtaposition differently. Separately, the text also cites 'mitteldeutsches-institut.de/bg' and 'www.myersbriggs.org' for general MBTI background; I treated neither as the '16Personalities' vendor this protocol tracks (§5's title and §3.2's trigger list are specific to 16personalities.com/NERIS), so I did not score them for R or C flags. || c2: Two points the protocol does not cleanly decide; both are recorded rather than guessed. (1) The (c) sub-label. The main instrument code is not in doubt — nothing stated as what respondents completed triggers §3.2 or §3.3 — but neither sub-label fits literally. 'c-vendor-cited-only' is defined as 'Nothing in Methods, but a vendor URL appears in the reference list', and §4.1 speaks of a work that 'never says what respondents completed'; this work does say something in Methods (a standardised form of 60 closed questions on a seven-point Likert scale, attributed to Myers and Briggs), it simply never identifies the instrument. The alternative 'c-unnamed' requires 'no form, publisher, version or URL', which is also not literally met, since the vendor URL is present both as reference 22 and as the source note of Table 1. I chose c-vendor-cited-only because §4.1's stated reason for the label describes this work exactly — the vendor citation is doing something other than recording an administration (here type descriptions and world-population shares, i.e. R2/R3), so reading it as (a) would be an inference rather than a reading — and because that also places the record in S3 (§11), which is where the PLAN's original boundary rule would count it as (a). The choice affects S3 only, not the main code. (2) The C1 evidence is not a prose sentence. The vendor is never named in running text; it is named only by URL, in the reference list and in the source note of Table 1. C1 is coded on the table's identity claim (vendor-sourced role names mapped to MBTI four-letter codes under a caption reading 'по типологията на Майерс – Бригс') together with the results text reporting those vendor-only names as Myers – Briggs types. If the author requires a sentence that names both, this record becomes C0. C2 was considered and left false: the work does attribute the questionnaire it applied to Myers, Briggs and Jung, but it never states that the thing so descended is the vendor's test, so coding C2 would require first assuming what §3.2 refused to assume. C3 was considered and left false for the same reason: 'стандартизиран' (gloss: 'standardised') and 'психометрична тестова процедура' (gloss: 'psychometric test procedure') are said of the applied form and of the MBTI, not of the vendor's test.","c2: One work only in the retrieved file; no neighbouring paper, so §3.6 does not bite here. One instrument, drawn from a larger leadership survey by the same author ('Вниманието ще бъде насочено към един от въпросниците, приложени в авторско проучване на лидерските модели в българските общини' — Резюме; gloss: 'The attention will be directed towards one of the questionnaires applied in an author's study of leadership models in Bulgarian municipalities'); no second instrument under §4.2 and no non-human arm. Circumstantial indicators that the administered test was the vendor's, none of which §3.2 admits because none is stated as the thing respondents completed: the form is described as 60 closed items answered on a seven-point agree–disagree Likert scale ('Скалата на отговор е седемстепенна на Ликерт, от 1 Съгласен съм до 7 Не съм съгласен.' — Методология; gloss: 'The answer scale is a seven-point Likert one, from 1 I agree to 7 I do not agree'), it was delivered as the author's own web form ('беше предоставен въпросник – електронна анкета по имейл с препратки (електронен адрес) към HTML' — Дискусия и резултати; gloss: 'a questionnaire was provided – an electronic survey by e-mail with links (electronic address) to an HTML web-based survey card'), and every result is reported in vendor-only role and role-group names with the vendor's world-population shares. Two further URLs are cited for the MBTI and resolve to neither of the two instruments in §3: 'индикаторът за тип на Майерс – Бригс (MBTI) (mitteldeutsches-institut.de/bg)' — Теоретична основа на проблема (gloss: 'the Myers – Briggs type indicator (MBTI)'), and 'Те представляват последователността на отговорите, а не силата на предпочитания (www.myersbriggs.org).' — Методология (gloss: 'They represent the sequence of the answers, not the strength of the preferences'). Neither is a §3.3 trigger. Note on quoting: the retrieved text carries PDF line-break hyphenation, which I have rejoined inside the quotes so they match the published wording — the file reads e.g. 'стандартизи- ран', 'седемстепен- на', 'групa-та', 'по- обширно'. An ellipsis (…) inside a quote marks material omitted, a page-break artefact, or a jump between adjacent parts of the same table.","instrument_sublabel,c0,c1",True,False,
10_33423_jabe_v27i3_7640,10.33423/jabe.v27i3.7640,Audit or Tax? Using Personal-Environment Fit to Help Choose a Public Accounting Career Path,journal_article,E2,E4,,,,,,,,False,False,False,False,False,False,False,False,False,False,False,False,False,False,False,True,True,True,True,True,True,False,False,False,False,False,False,False,False,False,False,False,False,,,,,"c1,c2","c1: The work never states that its own authors administered any instrument to anyone; the only 16Personalities mention is a single passing description of the vendor's free test as an alternative to the official MBTI, explicitly noting it 'has [not] been subject to the same validity tests and research of the MBTI specifically' (OVERVIEW OF BEHAVIORAL TRAITS AND CLASSIFICATIONS) — this is a distinction, not a conflation, so C0 is clear and R6 (mention only, no claim rests on it) fits better than R1-R5. The harder call is the E code. The paper is explicitly framed as a synthesis/position piece ('This theoretical paper aims to provide details from existing literature...' — INTRODUCTION; 'Future empirical research is proposed to validate these theoretical findings.' — Abstract), which matches E4's own examples ('reviews, position pieces'). But Tables 2 and 3 report actual quantified MBTI type-frequency percentages (E/I, S/N, T/F, J/P and three-way combinations) for named groups of accounting and non-accounting students, explicitly sourced to 'Andon et al. (2010)' — a separate study, not this paper's own participants — and the Conclusion reasons directly from those percentages to new claims ('those NFPs, NTPs, SFPs, or FTPs, as shown in Table 3... could be better fitted for positions as tax professionals'). That is a literal match for E2 ('Type labels came from an existing dataset... or another study. The authors administered nothing'), not the E1(c) case in §2 (which requires unstated provenance for the work's own named participants — here provenance is stated and the participants are explicitly Andon et al.'s). I coded E2 on the strength of that literal match, but the protocol does not say how to treat a review-genre paper that quantitatively reuses another study's type data as argumentative evidence rather than performing its own secondary analysis of it, so I am flagging the E2/E4 choice as unresolved rather than treating my reading as settled. || c2: E2 vs E4 is the undecided point. The work administers nothing and collects nothing of its own — it self-describes as theoretical and proposes administration only as future work ('Additionally, experimental studies could be designed where accounting students are assessed using the Hurtt Skepticism Scale, MBTI, and FFM early during their college experience, and then are provided with tailored guidance on career path selection.' — OPPORTUNITIES FOR FURTHER RESEARCH; 'Public accounting firms could benefit by administering the Hurtt Skepticism Scale, MBTI, and FFM to potential employees.' — CONCLUSION). That makes it a review/position piece, which §2 names under E4. However, it does print MBTI type-preference percentages in Table 2 and Table 3 ('Typological Preference Extraversion (E) Introversion (I) Accounting (n=93) 60.2 39.8 Non-Accounting (n=94) 50 50' — TABLE 2) and reasons from them ('Therefore, we should consider those with higher I, N, or P preferences as having a better P-E fit potentially with tax careers than audit.' — P-E FIT IN ACCOUNTING STUDENTS AND PROFESSIONALS). Those figures are reproduced from a cited study, Andon et al. (2010). Read literally, E2's 'Type labels came from ... another study' could cover reproduced aggregate frequencies; read as written, E2 concerns type labels the work holds, and this work holds none. I coded E4 because the work reports no type data it obtained, and because §5 fixes the principle that a study's cited literature does not put other people's practice into this work's row — but §5 states that for the R flags only, so extending it to the E code is my inference and not a rule the protocol writes. Flagging for adjudication rather than treating the analogy as settled.","c1: This is a theoretical/position paper proposing that public accounting firms administer three separate instruments to potential employees — the Hurtt Skepticism Scale, the MBTI, and the FFM ('Big Five') — to improve person-environment fit between recruits and audit vs. tax roles; none of the three is administered by this paper's own authors to any respondent ('We can theorize which students would presumably excel in audit versus taxation based on prior research and literature' — CONCLUSION). Appendix 1 reproduces the full 30-item Hurtt Skepticism Scale with administration instructions, and Appendix 2 reproduces a full 50-item IPIP FFM inventory with scoring instructions; both are presented as instruments for firms or future researchers to administer, not as evidence that this study administered them. All MBTI type-frequency data discussed in the body (Tables 1-3) is drawn from cited literature (Wheeler, 2001; Andon, Chong, & Roebuck, 2010; Schneider & Kugel, 2023), not collected by this paper's authors. || c2: 1) Near-miss on R4, recorded because R4 is the §10 M2 measure: the vendor's test is discussed in psychometric terms, but as lacking evidence, not as supplying it — 'this website, nor its specific tests has been subject to the same validity tests and research of the MBTI specifically' (OVERVIEW OF BEHAVIORAL TRAITS AND CLASSIFICATIONS). R4 reads 'cited as ... evidence of reliability or validity', so a denial of validation is not R4 on my reading. This is also why C0 rather than C1/C2/C3: the work states the distinction between the vendor's test and the MBTI in the same sentence that names the vendor. 2) The retrieved text is garbled by PDF extraction at exactly this sentence. The clause 'the 16 possible combinations their personality type under' is displaced and appears after the paragraph's end; the intended sentence is evidently 'A free personality test also designed to provide individuals with their personality type under the 16 possible combinations is available at https://www.16personalities.com/'. I quoted the file verbatim as extracted. The reconstruction does not change any flag: even on the reconstructed wording the vendor's test is credited only with producing 16 types, not with Jungian or Myers-Briggs lineage, and the disclaiming clause follows immediately. 3) The other online URL in the same passage — 'the official MBTI assessment may also be taken directly online at https://www.mbtionline.com/ for a small fee' — is the Myers-Briggs publisher's site, not the vendor's, so the word 'official' there does not attach to 16Personalities and does not trigger C3. 4) No 16Personalities entry appears in the reference list, so §4.1 does not arise. 5) The full text carries running heads 'Journal of Applied Business and Economics Vol. 27(3) 2025' with pagination 1-15, section headings, a 25-item reference list and two appendices reproducing the Hurtt scale and the 50-item IPIP inventory; it is an article, not an abstract, and holds only this one work.",e,True,False,
10_3390_businesses5020019,10.3390/businesses5020019,"Building Brands with Superheroes, Building Superheroes with Brands: The Brands of Iron Man and Captain America in the Marvel Cinematic Universe",journal_article,E2,E2,E2,,,,,,,False,False,False,True,True,True,False,False,False,False,False,False,True,True,True,False,False,False,False,False,False,False,False,False,True,True,True,False,False,False,False,False,False,,,"we applied an extension of the MBTI model developed by its creators, known as the NERIS Type Explorer. — Section 4.5, The MBTI Model and the NERIS Type Explorer Methodology","The NERIS Type Explorer classifies him as a Defender personality type. — Section 5.1, Captain America's Brand Character","c1,c2","c1: This work does not administer any personality instrument to a human respondent or an artificial agent, so E1 and E3 do not apply. The paper's 'subjects' are two fictional Marvel characters (Captain America, Iron Man), characterized via the authors' own qualitative content analysis of 11 films, using several typology frameworks at once (Aaker's brand personality, Mark and Pearson's archetypes, Rogers' innovation adoption curve, Jung/DISC, and MBTI/NERIS). For the MBTI/NERIS piece specifically, the text states 'The NERIS Type Explorer classifies him as a Defender personality type' (Sec. 5.1) and 'The NERIS Type Explorer classifies Stark as a Commander personality' (Sec. 5.2), and each classification traces in the References list to an existing external source (Monica, 2019a and Monica, 2019b — both 16personalities.com 'Avengers personality series' character-profile articles), not to an administration performed by these authors. I coded this E2 ('Type labels came from an existing dataset, scraped profiles, or another study. The authors administered nothing') on the strength of that citation practice, but §2's E2 examples assume the labelled subjects are real people (or an existing empirical dataset about them); it does not anticipate a work that assigns 16Personalities/MBTI types to fictional characters, partly by citing an existing character-profile article and partly through the authors' own five-dimension narrative analysis in Section 5. E4 ('no type data', treating this as closer to a literary/interpretive character study) is a defensible alternative reading, and I did not find a protocol rule that decides between the two for this shape of work. Separately, Section 1 uses the shorthand 'MBTI/NERIS' when listing the interpretative frameworks ('Jungian archetypes, Aaker's brand personality dimensions, MBTI/NERIS, among others'); I read this as list shorthand for 'MBTI and NERIS' rather than a C1 identity claim, since the rest of the paper (e.g., the Section 4.5 heading 'The MBTI Model and the NERIS Type Explorer Methodology', and the abstract's separate listing of 'MBTI, NERIS Type Explorer') consistently names them as two distinct things — but it is a borderline instance worth flagging alongside the clearer C2 provenance claim in Section 4.5. || c2: Three judgement calls, none of which the protocol decides cleanly. (1) E code, E2 vs E4. Nobody completed anything: the 'respondents' are two fictional film characters, and Section 6 (Materials and Methods) describes only film viewing and brand cataloguing — 'To systematically document brand placements, the films were meticulously reviewed in multiple sessions, with frequent pauses to identify and catalog each instance of product placement.' I coded E2 because the work does report type labels and states them as coming from outside itself — 'The NERIS Type Explorer classifies him as a Defender personality type' and 'The NERIS Type Explorer classifies Stark as a Commander personality', with the character analyses closing on citations to two NERIS Analytics articles whose titles carry exactly those labels (Monica, 2019a 'Captain America: The defender'; Monica, 2019b '""I Am Iron Man"": Profile of a turbulent commander'). A coder who reads 'type data' as requiring a respondent would code E4 instead, since no person or agent was typed. §2 does not say which. (2) R5. §5 words it as 'where labels or profiles were scraped from or matched to', which reads as aimed at dataset construction; here just two character labels were taken from the vendor's own published profiles. That is still the vendor's site serving as the source of this work's type labels, so I flagged it, but it is a stretch of the wording. (3) R1 considered and rejected: the work says 'we applied an extension of the MBTI model ... known as the NERIS Type Explorer', but §5 ties R1 to what 'was administered, to humans or to agents', and nothing was administered to anyone. Also rejected: C3, on 'This methodology adds an additional type pair to the Myers-Briggs four, providing even greater precision in analysis' (Section 4.5) — a quality claim about the vendor's test, but not one of §6's four words (official, standard, validated, professional), so I left C3 false rather than widen the flag. Same sentence is why R4 is false: the vendor page is cited for the framework's structure, not as evidence of reliability or validity.","c2: No second instrument and no non-human arm. The work's own object of study is brand placement in 11 Marvel films; the personality typologies (Rogers' adoption curve, Jung, DISC, Mark and Pearson, MBTI/NERIS, Aaker) are applied as interpretive frameworks to two fictional characters, not to respondents. The C2 provenance claim is repeated in weaker form in the Section 4 model list — 'The MBTI model and the combined methodology of the NERIS Type Explorer, based on it.' — and the Introduction describes the vendor's test as 'NERIS Type Explorer: a five-letter typology similar to MBTI, using five opposing trait pairs', which keeps the two named apart and is why C1 is false. The Section 4.5 sentence quoted for C2 goes further than 'based on Jung': it attributes the NERIS Type Explorer to the MBTI's own creators, who are named in the preceding paragraph as 'Katharine Cook Briggs and her daughter Isabel Briggs Myers'.",,True,False,
10_4992_pacjpa_89_0_423,10.4992/pacjpa.89.0_423,Comparison of Attitudes toward Blood Type Personality Assessment and MBTI（16personalities）,conference_abstract,E4,E4,E4,,,,,,,False,False,False,True,False,,False,False,False,False,False,False,False,False,False,False,True,,False,False,False,True,True,True,True,True,True,False,False,False,True,True,True,,,"近年，「MBTI（16personalities）診断」（以下，MBTI）が話題 となっている。 — Introduction (unlabeled lead paragraph, before 方法/Method header) | MBTI は，パーソナリティを類型化する点で血 液型性格診断と類似しているが，血液型性格診断が遺伝的要 因によってパーソナリティのタイプを決定するのに対し， MBT ではユングのタイプ論に基づいた心理テストへの回答 により，タイプが「診断」される点が異なる。 — Introduction (unlabeled lead paragraph, before 方法/Method header)",血液型性格診断および MBTI に対する態度尺度それぞれ 35 項目について因子分析（最尤法，プロマックス回転）を行っ た結果，血液型性格診断は「全否定」「科学的根拠」「類型論 否定」「恐怖」「娯楽的享受」の 5 因子，MBTI は「全否定」「恐 怖」「嗜好・話題性」の 3 因子が抽出された。 — 結果 (Results),c2,"c2: E1 vs E4 boundary, flagged for adjudication. I coded E4 on the §2 criterion ""The work reports no type data"": respondents completed attitude items about blood-type personality assessment and about MBTI plus excerpts of personality-variable scales (critical thinking, Locus of Control, self-esteem, self-consciousness and others), and no MBTI/16Personalities type instrument was administered. 結 果 (Results) reports only attitude factors — ""血液型性格診断は「全否定」「科学的根拠」「類型論 否定」「恐怖」「娯楽的享受」の 5 因子，MBTI は「全否定」「恐 怖」「嗜好・話題性」の 3 因子が抽出された。"" (English gloss: ""for blood type personality assessment five factors were extracted, 'total rejection', 'scientific grounding', 'rejection of typology', 'fear' and 'entertainment enjoyment', and for MBTI three factors, 'total rejection', 'fear' and 'preference / topicality'"") — plus correlations, a four-cluster solution and an ANOVA. No type label and no type frequency appears anywhere. 考 察 supports this: ""中高年層においてはそ もそも MBTI の経験者が少なく，明確な態度が形成されてい ない可能性がある。"" (English gloss: ""among the middle-aged and older stratum there are few who have even experienced MBTI in the first place, so a clear attitude may not have formed""), i.e. MBTI exposure is treated as something respondents may or may not have had outside the study, not as something the study administered. The competing reading is a literal one of E1, ""Respondents completed a personality instrument for this study"": 170 respondents did complete personality scales in a web survey, and §2's E4 examples are all non-empirical (reviews, position pieces, translation/validation studies, design papers), so an empirical survey carrying no type data is not among them. I resolved it on the criterion and the step heading — §2 is ""where the type data came from"", and this work has none — but the protocol nowhere states that ""a personality instrument"" in E1 means a type-producing instrument, so the case is worth the author's ruling. §7 leaves E and instrument ""not pre-judged"" for this record, so this is not a departure from an expected code; my C flags (C1, C2, and no C3) match the §7 expectation.","c2: C3 considered and rejected. ""「科学的根拠」を感じさせ る「心理テストへの回答」というプロセス"" (序文; English gloss: ""the process of 'answering a psychological test', which conveys a sense of 'scientific grounding'"") puts 科学的根拠 in scare quotes and offers it as a mechanism that may strengthen believers' faith — ""その信奉を強 化している可能性がある。"" (English gloss: ""may be strengthening belief in it"") — rather than as the authors' own claim that the test is validated. 考 察 likewise says ""特に，MBTI においては科学的根拠のある 話題として利用されやすいと推察される。"" (English gloss: ""in particular, MBTI is inferred to be readily used as a topic that has scientific grounding""), a statement about how lay users deploy it. Neither calls the vendor test official, standard, validated or professional in the work's own voice, so C3 is false. — No second instrument (§4.2) and no non-human arm. — §3.6 multi-work check: this retrieved file holds only this one presentation (2C-028-PC) plus its Table 1 numerals, so no neighbouring abstract's sentences were used for any flag. — The file ends with ""所属機関等による倫理審査：有 インフォームド・コンセント：有"" (English gloss: ""ethics review by the affiliated institution: yes; informed consent: yes"") and a note that the data were a re-analysis of data collected in a university social-survey practicum; neither bears on any code.","r2,r6",True,False,
10_48550_arxiv_2501_14321,10.48550/arxiv.2501.14321,Domain Expansion: Parameter-Efficient Modules as Building Blocks for Composite Domains,preprint,E3,E3,E3,,,,,,,True,True,True,False,False,False,False,False,False,False,False,False,False,False,False,False,False,False,False,False,False,True,True,True,False,False,False,False,False,False,False,False,False,,,"""We utilize the MBTI personality quiz questionnaire2 to evaluate both, the individual trait PEMs and the composed personality PEMs."" — Section 1 Introduction (footnote 2 resolves to ""https://www.16personalities.com/free-personality-test"")","""The questionnaire is used as input to the PEMs and the output responses are recorded and fed to the online questionnaire via an automated Selenium pipeline to automate evaluation."" — Section 5 Experimental Results, Evaluation",,,"c2: Non-human arm only: the respondents are LoRA and IA3 Parameter-Efficient Modules built on BERT (zero-shot classification) and RoBERTa (text generation) backbones, trained on trait datasets synthetically generated by prompting ChatGPT-4; the 16Personalities free personality test is completed by these modules via a Selenium pipeline. No human respondent is reported anywhere in the work, and human evaluation is explicitly listed as future work: ""Trait and personality PEMs can be human evaluated and tested over a population to validate the findings of this work."" (Section 6 Conclusion and Future Work) — hence E3 rather than E1, and no instrument code per §2. C2 was considered and left false: the MBTI framework is sourced to Boyle 1995 (""Myers-Briggs Type Indicator (MBTI) is a widely used framework to characterize personality traits of individuals (Boyle, 1995)."", Section 1 Introduction), and no sentence gives the vendor's test a Jung / Myers-and-Briggs / published-MBTI lineage beyond the identity claim already coded as C1. C3 left false: no sentence calls the vendor's test official, standard, validated or professional. R2-R5 left false: the vendor is used solely as the evaluation questionnaire — the constructs and dichotomies are cited to Boyle 1995, no type frequencies or population statistics are taken from the vendor, no reliability or validity evidence is sourced to it, and the training data are ChatGPT-4-generated rather than scraped from the vendor. R6 left false because the work's own results rest on the vendor's test.",,False,False,
10_1016_j_jand_2025_06_390,10.1016/j.jand.2025.06.390,Exploring Associations Between Personality Type & Fruit and Vegetable Consumption,journal_article,E1,E1,E1,a,a,a,,,,True,True,True,False,False,False,False,False,False,False,False,False,False,False,False,False,False,False,False,False,False,True,True,True,False,False,False,False,False,False,True,True,True,Participants completed the MBTI through 16personalities. com and a Qualtrics survey that included demographics and the validated BRFSS FV module. — Methods,,Participants completed the MBTI through 16personalities. com and a Qualtrics survey that included demographics and the validated BRFSS FV module. — Methods,Participants completed the MBTI through 16personalities. com and a Qualtrics survey that included demographics and the validated BRFSS FV module. — Methods,,,"c1: This file bundles several conference abstracts (Journal of the Academy of Nutrition and Dietetics, Suppl 1—Abstracts, Oct 2025); title/author lines are listed together before the body text, so the body immediately following this work's title/author line actually belongs to the preceding 'Escape the Ordinary' abstract. The correct body for this work is the second body block, identified by its Learning Outcome sentence ('MBTI Feeling trait and potato intake') and Background sentence ('This study explored how MBTI personality traits relate to FV and potato consumption patterns'), matching the title. Coded from that block only, per §3.6. No second instrument or non-human arm found; the BRFSS FV module is a dietary-intake instrument, not a personality instrument. || c2: §3.6: the retrieved file holds four separate conference abstracts (escape-room dietetics education; this work; a Buffalo food-pantry study; a Cal Poly Pomona food-security study). Only the Woldt/Mora/Ji/Noval section (its own Learning Outcome, Background, Methods, Results, Conclusion, Funding Source) was used as evidence. R4 not flagged: the only occurrence of 'validated' in this work's section is ""the validated BRFSS FV module"" (Methods), which attaches to the BRFSS fruit-and-vegetable module, not to the vendor's test; no reliability or validity claim is made about 16personalities.com. C1 rests on the work naming what respondents completed on the vendor's site as ""the MBTI"" and then reporting its output as ""MBTI person- ality traits"" (Background) and ""MBTI di- chotomies (e.g., Thinking vs. Feeling)"" (Methods). C2 not flagged: no Jung / Myers-Briggs lineage statement appears in this work's section. This work is the §3.2 worked example rather than a §7 calibration record; it was coded independently from the text, and the reading (E1, instrument (a), evidence level 1) matches what §3.2 describes. No second instrument and no non-human arm. Quotes above reproduce the retrieved text exactly, including its PDF extraction artifacts ('16personalities. com', 'at- tendees', 'person- ality', 'di- chotomies') and the 'fi' ligature in 'signiﬁcant'.",,False,False,
10_1017_pds_2025_10184,10.1017/pds.2025.10184,Exploring the link between students’ MBTI personality types and design team performance,journal_article,E2,E2,E2,,,,,,,False,False,False,True,True,True,False,False,False,False,False,False,False,False,False,False,False,False,True,False,,False,True,,False,False,False,False,False,False,False,False,False,,,,The research team obtained the MBTI test results of each participant from the university. The participants did this test (“Personality Test based on Jung and Briggs Myers Typology” by Humanmetrics Inc (2016)) four months prior to our study. — 3.3. Data Collection,c2,"c2: One borderline call: C1. §6 defines C1 as ""identity — The two are named as a single instrument"", and this work never names the vendor's test at all; it names no 16Personalities or NERIS Type Explorer product in its prose, only the citation ""(NERIS, 2024)"" resolving to https://www.16personalities.com/personality-types. What it does is source ""definitions for each MBTI type"" and the sixteen archetype names to that vendor page and then report its own results in those labels (""MBTI Personality Type (see Table 1)"" / ""Archetype (see Table 1)""). Read against §6's lead sentence — a conflation statement ""treats the vendor's test and the MBTI as one instrument, or gives one the other's provenance or standing"" — that is treating the vendor's typology and the MBTI as one thing, so C1 is set true. If the adjudicator holds C1 to the narrower reading requiring a named instrument, this record becomes C0 and C1 false; nothing else changes. C2 was considered and left false: Section 2.1 does say ""Based on Carl Jung's theories (Coe, 1992), MBTI categorizes individuals into distinct personality types along four dimensions"" two sentences before the NERIS attribution, but that sentence is about the MBTI, not about the vendor's test, so reading it as giving the vendor a Jungian lineage would require joining two sentences rather than quoting one. C3 has no located sentence: the vendor is never called official, standard, validated or professional. The E code (E2) and the R flags are not in doubt. This work is not one of the three §7 calibration records.","c1: Type data provenance: the MBTI-type results analysed here were not collected by this study's research team. SUTD administers the test to all admitted undergraduates for cohort-placement purposes, independent of this study, and the research team 'obtained the MBTI test results of each participant from the university' after the fact (3.3. Data Collection), which is why this is coded E2 rather than E1. The test actually administered (by the university, not by the authors) was named: '“Personality Test based on Jung and Briggs Myers Typology” by Humanmetrics Inc (2016)' (3.3. Data Collection) — a different vendor from 16Personalities/NERIS, whose reference-list entry is 'Humanmetrics Inc. (2016). Personality test based on Jung and Briggs Myers typology. https://www.humanmetrics.com/personality'. Because e_code is E2, no instrument code (§3) applies to this fact under the current field scheme; it is recorded here since it is directly relevant to the audit's question and the fields cannot otherwise hold it. Separately, NERIS/16Personalities (cited via 'NERIS, 2024', full reference 'NERIS. (2024). Personality Types | 16Personalities. https://www.16personalities.com/personality-types') is cited four times (Table 1's type-archetype definitions in 2.1, and in Discussion sections 5.1, 5.2 and 5.4) solely to source type-trait descriptions used to interpret the results — all R2 (theory), never as the instrument administered, a norms source, a psychometrics source, or a scraped data source. No conflation statement (explicit identity, disclaimed lineage, or authority claim about the vendor's test) was found anywhere in the text; Table 1's caption borrows 16Personalities' archetype content to illustrate 'MBTI type' without ever equating the two by name, so this was coded C0 rather than C1, though a reader could reasonably view that unlabelled borrowing of 16Personalities-specific archetype terminology (Architect, Logician, etc.) as definitions of generic 'MBTI type' as a softer, implicit form of the same conflation this protocol targets; it was not coded as such because §6 requires a located conflation statement, and none of the four NERIS citations contains an explicit identity, provenance, or authority claim about the vendor's test itself. No non-human respondents and no second personality instrument administered by the authors were found. No other work shares this retrieved file. || c2: The type labels come from a third test that is neither the vendor's nor a published MBTI form: “Personality Test based on Jung and Briggs Myers Typology” by Humanmetrics Inc (2016), reference entry ""Humanmetrics Inc. (2016). Personality test based on Jung and Briggs Myers typology. https://www.humanmetrics.com/personality"" (Section 3.3 Data Collection; References). The university, not the research team, obtained it four months before the study for cohort allocation, so under §2 the work is E2 and takes no instrument code — but the substitution the audit is about is present in a second form here: a work reporting ""MBTI personality types"" for 535 participants whose types were produced by Humanmetrics, and whose type definitions were taken from 16Personalities. Recorded because no field holds it. Separately, for the record and without changing venue class (§3.6): the retrieved text is a full ICED25 conference paper (""Proceedings of the Design Society, Volume 5: ICED25"", with Introduction, Methodology, Results, Discussion, Conclusion and a reference list, running heads ""ICED25 1705""-""ICED25 1714""), not an abstract, so text_is_abstract is false; the metadata class journal_article is left as it stands.","c0,c1",True,False,
10_59141_japendi_v6i11_8742,10.59141/japendi.v6i11.8742,Gambaran Preferensi Metode Pembelajaran (Edgar Dale`S Cone of Experience) Mahasiswa/I Prodi Sarjana Pendidikan Dokter Unpri Berdasarkan Tipe Kepribadian (16personalities),journal_article,E1,E1,E1,a,a,a,,,,True,True,True,True,True,True,True,False,,True,True,True,False,False,False,False,False,False,False,False,False,True,True,True,False,False,False,True,True,True,False,False,False,"Tipe kepribadian diukur menggunakan instrumen NERIS Type Explorer® dari 16Personalities yang telah terverifikasi validitas dan reliabilitasnya (English: ""Personality type was measured using the NERIS Type Explorer® instrument from 16Personalities, which has been verified for its validity and reliability"") — METODE PENELITIAN","Tipe kepribadian diukur menggunakan instrumen NERIS Type Explorer® dari 16Personalities yang telah terverifikasi validitas dan reliabilitasnya (English: ""...which has been verified for its validity and reliability"") — METODE PENELITIAN. The only reference-list entry matching a psychometric claim is: ""(2025e). Reliability and Validity https://www.16personalities.com/articles/reliability-and-validity - Core Theory. 16Personalities."" — DAFTAR PUSTAKA. No in-text citation marker explicitly ties this reference to the Methods sentence; see uncertain_note.","3. Karakteristik Khusus Berdasarkan Dimensi MBTI Tabel 7. Ringkasan Preferensi Berdasarkan Dimensi MBTI (English: ""3. Special Characteristics Based on MBTI Dimensions / Table 7. Summary of Preferences Based on MBTI Dimensions"") — HASIL PENELITIAN DAN PEMBAHASAN (section 3 and Table 7 present the E-I/S-N/T-F/J-P breakdown of this study's own 280 respondents, whose type data was obtained via the administered NERIS Type Explorer/16Personalities instrument, labelled throughout as ""Dimensi MBTI""; the same usage recurs later: ""setelah initial assessment MBTI"" and ""platform harus mendukung personalized learning paths berdasarkan MBTI assessment"" in the Implikasi Pedagogis subsection). | Tipe kepribadian diukur menggunakan instrumen NERIS Type Explorer® dari 16Personalities yang telah terverifikasi validitas dan reliabilitasnya (English: ""Personality type was measured using the NERIS Type Explorer® instrument from 16Personalities, which has been verified for its validity and reliability"") — METODE PENELITIAN","Tipe kepribadian diukur menggunakan instrumen NERIS Type Explorer® dari 16Personalities yang telah terverifikasi validitas dan reliabilitasnya, sementara metode pembelajaran diukur melalui kuesioner yang disusun sendiri berdasarkan teori Edgar Dale's Cone of Experience. (English: ""Personality type was measured using the NERIS Type Explorer® instrument from 16Personalities, which has been verified for its validity and reliability, while learning method was measured through a self-developed questionnaire based on Edgar Dale's Cone of Experience theory."") — METODE PENELITIAN","c1,c2","c1: R4 is genuinely borderline. The Methods sentence claims the administered instrument's validity/reliability 'telah terverifikasi' (has been verified), but that specific sentence carries no in-text citation marker. The reference list separately includes '16Personalities (2025e), Reliability and Validity - Core Theory' — the only reference in the whole bibliography whose title matches a validity/reliability claim — but three of the five 16Personalities references (2025a, 2025d, 2025e) appear only in the reference list with no corresponding in-text '(16Personalities, 202x)' marker anywhere in the body (only 2025b and 2025c are explicitly cited in-text). I coded R4 true because the protocol's evidence standard for R flags explicitly allows 'a located sentence or reference entry' (either suffices), and the Methods claim plus the topically-matching, uniquely-titled reference entry together make a defensible case that the vendor's own reliability/validity page is what underlies the claim. But since no explicit inline citation ties the two together, and the paper leaves three vendor references uncited in the body generally (which could indicate the reference list was padded from general background reading rather than tied to specific claims), a reading of R4 false (no citation, only an unsupported assertion) is also defensible. I do not think the protocol decides which reading is correct for this specific gap between an inline claim and an uncited-but-titled-matching reference. || c2: C2 is coded false, but §6 does not cleanly decide it. The only explicit provenance statement separates the two: ""MBTI resmi dasarnya berasal dari model Jungian, sedangkan 16Personalities berasal dari Big Five personality traits (16Personalities, 2025c)"" (English gloss: ""the official MBTI is based on the Jungian model, while 16Personalities comes from the Big Five personality traits"") — PENDAHULUAN. So the work never states a Jungian or Myers-Briggs lineage for the vendor test. Yet the Results interpret the NERIS-derived types through Jungian cognitive functions: ""tipe-tipe dengan fungsi kognitif Fe dominan"", ""INFJ, dengan fungsi Ni-Fe"", ""INTJ dengan Ni-Te"", ""fungsi kognitif Te atau Se dominan"" (English gloss: ""types with a dominant Fe cognitive function""; ""INFJ, with the Ni-Fe function""; ""INTJ with Ni-Te""; ""a dominant Te or Se cognitive function"") — HASIL PENELITIAN DAN PEMBAHASAN. §6 C2 covers a lineage that is given; it does not say whether applying Jungian function theory to the vendor output, with no provenance sentence anywhere, counts as giving that lineage. I have not invented a rule: C2 stays false and the case is flagged here.","c1: The Introduction (PENDAHULUAN) explicitly and correctly states that 16Personalities and the official MBTI differ in theoretical basis (Big Five vs. Jungian) and in official status ('16Personalities' is described as free and 'tidak kalah populer dari yang resminya' — comparably popular to, but distinct from, 'the official one' [MBTI]) — this is evidence against conflation in that specific passage, and is part of why c2 (provenance) was not coded despite c1 and c3 being coded elsewhere in the work. The C1/C3 conflation therefore does not stem from the Introduction's framing (which is careful) but from later Results/Discussion sections (Table 7's heading, and the Implikasi Pedagogis subsection), where the study's own 16Personalities/NERIS-derived data is repeatedly relabelled 'MBTI' ('Dimensi MBTI', 'initial assessment MBTI', 'MBTI assessment') without further qualification. No second personality instrument, no non-human respondent arm, and no other work sharing this retrieved file were found. || c2: §4.2 does not apply: the only personality instrument administered is the NERIS Type Explorer®. The second questionnaire measures learning-method preference, not type, and the authors wrote it — ""metode pembelajaran diukur melalui kuesioner yang disusun sendiri berdasarkan teori Edgar Dale’s Cone of Experience"" (Methods); the lecture and practical grades come from the campus database — ""Data nilai kuliah pakar dan praktikum diambil dari database kampus sesuai izin resmi."" (Methods). No non-human arm. || R3 considered and rejected: the vendor homepage is cited for test volume, ""total tes yang diambil kurang lebih telah mencapai 1,3 miliar tes di dunia, dan di Indonesia sekitar 30 juta tes (16Personalities, 2025b)"" (English gloss: ""the total tests taken has reached roughly 1.3 billion tests worldwide, and about 30 million tests in Indonesia"") — PENDAHULUAN, which is a usage statistic backing a popularity claim, not type frequencies or population norms. || R6 is false: every vendor use here is this work's own (administration, theory, psychometrics), not a use it only reports from a cited study. || C0/C1 tension recorded: the work does state the distinction between the two in the Introduction, which is C0 wording, yet it labels its own NERIS-derived results ""Dimensi MBTI"" and recommends an ""initial assessment MBTI"". Per the field note, C0 is true only when none of C1-C3 applies, so C0 is false here. || In-text vendor citations in the retrieved file are 2025b and 2025c only; 2025a (Free Personality Test), 2025d (Personality Types) and 2025e (Reliability and Validity) appear in the reference list alone. || This work is not one of the three §7 calibration records; the file holds one work only (§3.6).",r3,True,False,
10_48017_dj_v10ispecial_3_3806,10.48017/dj.v10ispecial_3.3806,Personality Analysis as Career Indicator in Selected Dinning Establishment in Balanga City: An Aptness of Employability,journal_article,E1,E1,E1,a,a,a,,,,True,True,True,False,False,False,False,False,False,False,False,False,False,False,False,False,False,False,False,False,False,True,True,True,False,True,,False,False,False,False,False,False,"The researcher will make use of the 16 Personalities Test developed by NERIS Analytics Limited (2022). — Methodology, Research Instrument Development",,"The researcher will make use of the 16 Personalities Test developed by NERIS Analytics Limited (2022). The research instrument for this study consisted of two parts: The first part was a demographic profile of the respondents, including their age, gender and educational attainment. The second component was the MBTI (Myers-Briggs Type Indicator) Personality Test, which would reveal how their personality type influences various aspects of their lives. — Methodology, Research Instrument Development","The researcher will make use of the 16 Personalities Test developed by NERIS Analytics Limited (2022). — Methodology, Research Instrument Development",,,"c1: The work names the administered test as the 16 Personalities Test / NERIS Analytics Limited in Methods (evidence level 1), then in the same paragraph calls its second component 'the MBTI (Myers-Briggs Type Indicator) Personality Test' — the two names are used for one and the same instrument, which is the C1 identity conflation; this naming is then carried through the rest of the paper (abstract: 'using the Myers-Briggs Type Indicator (MBTI)'; every result table headed 'MBTI Personality Test' or 'MBTI Dimension'). Table 22 (hiring managers, n=10) reports results using the vendor's own taxonomy — Analyst/Diplomat/Sentinel/Explorer categories with Assertive('-A')/Turbulent('-T') variants, e.g. 'INTJ-ANALYSIS/INTJ (ARCHITECT)', 'ESTP-A / ESTP-T (ENTREPRENEUR)' — which is 16Personalities' own framework (the A/T axis has no counterpart in the published MBTI's four dichotomies), while the table is still headed 'MBTI Dimension for Hiring Manager and Managers' (Results and Discussion, Table 22). This corroborates instrument (a) and C1 but does not change the evidence level, which is already set by the Methods statement. No non-human respondents and no second, distinct instrument were found; only this one work is present in the retrieved file. || c2: Level-1 evidence decided the instrument code, but level-3 evidence corroborates it: Tables 6-11 print the administered items verbatim and they are the NERIS/16Personalities item set (""You regularly make new friends."", ""You spend a lot of your free time exploring various random topics that pique your interest."", ""You often make a backup plan for a backup plan."" ...), matching the stated ""The questionnaire has a total of 60 items."" The response format was altered from the vendor's agree-disagree scale to a 5-point frequency Likert (""Always/Often/Sometimes/Rarely/Never"", Table 1), and the Validation section reports that ""the research instrument was sent to three (3) validators"" and ""was then revised according to the evaluation and final recommendation of the validators""; the protocol has no rule for a modified administration of the vendor's test, and the Methods statement of what respondents completed still names the vendor's test, so this does not move the code off (a).

§4.2 second instrument: a separate questionnaire appears to have been given to the 10 hiring managers — Table 2 defines a Likert scale ""to Measure the Level of Frequency of the Dinning and Hiring Manager"" and Table 22 reports one mean per type for them, read as ""the predominant personality traits of the ten (10) hiring managers and managers are in the categories of INTJ, INFJ, and ESTP."" That manager instrument is never identified anywhere in the text. The types carried by the main reported results (Table 17 rank-ordered 16 type profiles, n=100; Table 18 dimension frequencies) come from the staff administration of the vendor's test, so the work is coded on that instrument.

R2 was left false deliberately: the work uses the vendor's proprietary type taxonomy (role groupings, -A/-T variants, nicknames Architect/Logician/Commander/Debater ...) but never cites the vendor as the source of any construct or type description — it attributes all of it to the MBTI. §5 flags record what the vendor's site or test is cited as, and the vendor (""NERIS Analytics Limited (2022)"") is named exactly once, as the instrument. The taxonomy borrowing is recorded under C2 instead.

The in-text citation ""NERIS Analytics Limited (2022)"" has no matching entry in the REFERENCES list (checked in full); there is no vendor URL anywhere in the reference list, so §4.1 does not arise.",c2,True,False,
10_26425_1816_4277_2025_1_5_14,10.26425/1816-4277-2025-1-5-14,Potential of middle managers: assessment methodology,journal_article,E1,E1,E1,a,a,a,,,,True,True,True,False,False,False,False,False,False,False,False,False,False,False,False,False,False,False,False,False,False,True,True,True,True,True,True,False,False,False,False,False,False,"""Для понимания личностных характеристик был использован тест на тип личности Майер-Бриггс (англ. Myers-Briggs Type Indicator, далее – MBTI)³"" ... ""³ 16Personalities. Типы личности. Режим доступа: https://www.16personalities.com/ru/tipy-lichnosti (дата обращения: 28.11.2024)."" [""To understand personal characteristics, a personality-type test — Myers-Briggs (English: Myers-Briggs Type Indicator, hereinafter MBTI) — was used[3]"" ... ""[3] 16Personalities. Types of personality. Available at: https://www.16personalities.com/ru/tipy-lichnosti (accessed 28.11.2024).""] — Материалы и методы, footnote 3",,"""Тип личности по MBTI. Исследуемый РСЗ – консул по типологии Майер-Бриггс."" [""Personality type according to MBTI. The studied middle manager is a Consul according to Myers-Briggs typology.""] — Результаты / Самооценка в форме тестирования | ""Тип личности по MBTI. Исследуемый РСЗ – консул по типологии Майер-Бриггс."" [""Personality type according to MBTI. The studied middle manager is a Consul according to Myers-Briggs typology.""] — Результаты / Самооценка в форме тестирования","""Тип личности по MBTI. Исследуемый РСЗ – консул по типологии Майер-Бриггс."" [""Personality type according to MBTI. The studied middle manager is a Consul according to Myers-Briggs typology.""] — Результаты / Самооценка в форме тестирования",,,"c1: The Methods section (footnote 3) names what was administered as ""MBTI"" but cites 16Personalities.com's 'Типы личности' page as the source, matching §3.2's 'described free/online test whose cited URL resolves to the vendor's domain — stated as the thing respondents completed.' Corroborating this reading: in Results, the reported type label for the study's subject is 'консул' (Consul) — a 16Personalities/NERIS role name, not a term used in the published MBTI's four-letter typology — reported under the heading 'Тип личности по MBTI'. This is the same pattern as the calibration record Koshiro et al. 2025 (§7): the vendor's test and its own nomenclature are presented under the 'MBTI' label and explicitly given Myers-Briggs lineage ('по типологии Майер-Бриггс'), hence both C1 (identity) and C2 (provenance). No explicit 'official/standard/validated/professional' language was found for C3. The work also administers other self-assessment instruments to the same subject (a leadership-style inventory, a Maxwell 5-levels-of-leadership self-assessment, an authenticity-of-leadership assessment) — these are not personality-type instruments and are outside the scope of the instrument code (§3), so they are not separately coded here. || c2: Instrument level: the vendor URL is not reference-list-only (§4.1). Footnote 3 is anchored directly to the Methods sentence naming what was administered, so this is §3.1 level 2 (a named instrument carrying a citation/URL that resolves to the vendor) and §3.2's 'described test whose cited URL resolves to the vendor's domain — stated as the thing respondents completed'. Corroborating but lower-level: the reported result uses the vendor's type label (""консул"" / Consul) and a percentage-style trait score, ""У исследуемого РСЗ исключительно ярко выражена характеристика «планирование» (99 %)"" (gloss: ""The characteristic 'planning' is exceptionally pronounced (99%) in the middle manager under study"") — САМООЦЕНКА В ФОРМЕ ТЕСТИРОВАНИЯ. Other instruments administered in the same self-assessment battery — leadership style, J. Maxwell leadership level, authenticity of leadership (""Самооценка уровня лидерства (по Дж. Максвеллу)"", ""Подлинность лидерства"") — are not MBTI-type instruments and produced no type data, so §4.2 is not engaged. Borderline not flagged: the cited vendor page is the type-descriptions page (""Типы личности"") and the Results paragraph describes the Consul type's characteristics, but that description carries no citation marker, so no located sentence cites the vendor for theory and R2 was left false. Only one work is present in this file (§3.6); it is a full article (Introduction, Materials and Methods, Results, Discussion, Conclusion, numbered reference list, pp. 5–14).",,False,False,
10_15611_2025_44_3_02,10.15611/2025.44.3.02,"Relation between Leadership Style and Personality Type of Zillenials, Based on the Myers-Briggs Model",book_chapter,E1,E1,E1,a,a,a,,,,True,True,True,False,False,False,False,False,False,False,False,False,False,False,False,False,False,False,False,False,False,True,True,True,True,True,True,False,False,False,False,False,False,"""The MBTI test included 60 statements scored on a 7-point scale, covering the dichotomies of Extraversion-Introversion, Sensing-Intuition, Thinking-Feeling, and Judging-Perceiving 16Personalities (n.d.)."" — Research Design (Questionnaire design). Citation resolves in the reference list to ""16Personalities. (n.d.). Free Personality Test. Retrieved May 19, 2024 from https://www.16personalities. com/free-personality-test"" — References.",,"""The MBTI test included 60 statements scored on a 7-point scale, covering the dichotomies of Extraversion-Introversion, Sensing-Intuition, Thinking-Feeling, and Judging-Perceiving 16Personalities (n.d.)."" — Research Design (Questionnaire design). The instrument cited only to 16Personalities is named 'The MBTI test' throughout, with no distinction drawn from the published MBTI. | ""MBTI is a model derived from Jung’s theory of psychological types."" ... ""The model was first developed by Katharine Briggs and Isabel Briggs Myers in 1942 (Stricker & Ross, 1962)."" — Theoretical Background (2.2 Personality Types). This Jung/Briggs/Myers origin is given, with no qualification anywhere in the text, as the lineage of 'MBTI', the same name later used in Research Design for the instrument cited to 16Personalities.","""The survey had two main components: a questionnaire assessing leadership style preferences and a personality test based on the MBTI model."" — Research Design (Questionnaire design)",c1,"c1: C2 (provenance) is a judgment call: no single sentence in the text explicitly states that the 16Personalities-cited instrument itself descends from Jung/Briggs/Myers. The Jung/Briggs/Myers 1942 origin statement is in the Theoretical Background (2.2 Personality Types) section, describing 'MBTI' generally; the citation to 16Personalities is in a separate section (Research Design, Questionnaire design), describing 'The MBTI test' that was actually administered. The paper never distinguishes these two uses of the term 'MBTI' anywhere in the text, which is why I read the Jung/Briggs/Myers lineage as attaching to the same instrument that was administered (C2), on top of the clear identity conflation (C1, unambiguous on its own: the 16Personalities-cited instrument is directly named 'The MBTI test'). If the adjudicator requires a single co-located sentence naming both the vendor and the Jung/Myers/Briggs lineage for C2, it should be dropped and only C1 retained. instrument_evidence_level is also a judgment: the text never states in plain prose that respondents completed 16Personalities' test (which would be level 1, as in the Bai 2025 calibration exemplar); the vendor identification rests entirely on the in-text citation marker '16Personalities (n.d.)' resolving via the reference list to the vendor's URL, which is level 2.","c2: Evidence level: the Methods prose alone calls the administered instrument only ""a personality test based on the MBTI model"" / ""The MBTI test"", which would not separate (a) from (c); what decides (a) is the in-text citation ""16Personalities (n.d.)"" attached to that description, resolving via the reference list to https://www.16personalities.com/free-personality-test (§3.2 vendor domain). Hence level 2, not level 1. This is not the §4.1 reference-list-only shape: the vendor is cited inside the Methods sentence stating what respondents completed, not merely among the references. Corroborating vendor-specific detail, not used as the deciding evidence: ""Responses identified one of 16 personality types, presented with nicknames to simplify interpretation."" (Section 3) and the later use of the vendor's INFP nickname — ""Similarly, the Democratic style was observed among introverted types, notably INFPs, whose traits as ‘Mediators’ align with fostering inclusion and understanding."" (Section 4). C3 was not set: the work explicitly limits the instrument's standing — ""However, scientific validation of MBTI is limited."" and ""MBTI remains useful for casual self-exploration but should not be relied upon for precise predictions (Stein & Swan, 2019)."" (Section 2.2). No second instrument and no non-human arm.",,True,False,
https_openalex_org_w7112250408,,Speciální psychotyp - úroveň finanční gramotnosti,thesis,E1,E1,E1,a,a,a,,,,True,True,True,True,True,True,False,False,False,False,False,False,False,False,False,False,False,False,False,False,False,True,True,True,True,True,True,False,False,False,False,False,False,"„Na základě předpokládané složitosti dotazníku byla jako optimální řešení pro identifikaci psychotypu zvolen servis „16 Personalities“, což je zjednodušená verze testu pro identifikaci psychotypu podle MBTI.“ [""...the service '16 Personalities' was chosen as the optimal solution for identifying psychotype -- a simplified version of the test for identifying psychotype according to the MBTI.""] -- §3.1 Plán výzkumu (Metodika výzkumu)",,"„Při porovnání úrovně finanční gramotnosti s psychotypy MBTI byly zjištěny významné rozdíly.“ [""When comparing the level of financial literacy with MBTI psychotypes, significant differences were found.""] -- the type labels used throughout this sentence and the rest of §4.2.1 are exactly the labels the study collected via the '16 Personalities' service (§3.1); the work reports its own administered-instrument data as 'MBTI psychotypes' without qualification. §4.2.1 Korelace psychotypů a průměrného skóre finanční gramotnosti | „Test „16 Personalities“ je zjednodušenou variantou testu MBTI. Tento test je založen na dvou filozofických koncepcích. Prvním je Jungova teorie psychologických typů...“ ... „Ve 20. letech 20. století si Jungovy teorie všimla Katherine Cook Briggsová. ... Výsledkem byl Myers-Briggsův typový indikátor, který se díky své snadné použitelnosti stal široce používaným...“ [""The '16 Personalities' test is a simplified variant of the MBTI test, based on Jung's theory of psychological types ... In the 1920s Katherine Cook Briggs noticed Jung's theories ... The result was the Myers-Briggs Type Indicator, which became widely used..."" -- the vendor's test is given the lineage of Jung, Briggs and Myers, i.e. of the published MBTI] -- §2.2.1 „16 Personalities“","„Na základě předpokládané složitosti dotazníku byla jako optimální řešení pro identifikaci psychotypu zvolen servis „16 Personalities“, což je zjednodušená verze testu pro identifikaci psychotypu podle MBTI.“ [""Based on the anticipated complexity of the questionnaire, the service '16 Personalities' was chosen as the optimal solution for identifying psychotype -- a simplified version of the test for identifying psychotype according to the MBTI.""] Also §3.3: „V první části dotazníku měli respondenti zvolit svůj psychotyp. Pokud jej před vyplněním dotazníku neznali, byl jim nabídnut odkaz na psychologický test.“ [""In the first part of the questionnaire respondents were to choose their psychotype. If they did not know it before filling out the questionnaire, they were offered a link to the psychological test.""] -- §3.1 Plán výzkumu / §3.3 Tvorba dotazníku (Metodika výzkumu)",c2,"c2: Two boundary calls, both recorded with my best reading rather than left blank. (1) C1: the work does draw a partial distinction — it calls the vendor's test ""zjednodušenou variantou testu MBTI"" (a simplified variant of the MBTI test), which is not literally naming the two as one instrument, so a coder could read this as falling short of C1 and leave only C2. I set C1 true because nowhere does the work keep the two apart in use: the instrument administered is the 16 Personalities service (3.1) while the data are reported as ""psychotypy MBTI"", ""dichotomií MBTI"" and ""psychologických ukazatelů MBTI"" throughout 3.1, 4.2 and the abstract, so the vendor's test and the MBTI function as one instrument in the work's own reporting. C2 is not in doubt either way. (2) R3: the work states Czech population type frequencies — ""Podle statistik je v České republice INFP přibližně 16,4 %, zatímco nejvzácnější psychotyp ISTP tvoří pouze 2,94 %."" (4.1.1 Struktura psychotypů) — with no citation attached, and separately reports the vendor's user counts, ""Tato služba je dostupná ve 49 jazycích a shromáždila více než 100 milionů uživatelů, z toho více než 40 milionů z Evropy a přibližně 55 tisíc respondentů z České republiky."" (3.1). The frequency figures are the shape §5 R3 describes but are not sourced to the vendor anywhere in the text, and the user counts are reach, not type frequencies, so I left R3 false rather than infer the source. Not a calibration record (§7).","c2: Provenance of the type labels is mixed within the one E1 arm and the work does not quantify the split: respondents who already knew their type selected it themselves, and only those who did not were sent to the test (3.3, quoted under e_quote). The instrument code rests on 3.1, which names the 16 Personalities service as the study's chosen means of identifying the psychotype; no other test is named anywhere and no MBTI form, publisher, licence or certified administration is mentioned. Reference [36] is The Myers-Briggs Company's history page, cited for background on the MBTI's origin, not for anything administered. Non-human arm: none. GPT-4 was used, but only to score the financial-literacy answers and to pre-screen percentage differences — ""Jako nástroj umělé inteligence byl použit model GPT-4 vyvinutý společností OpenAI."" and ""Umělá inteligence fungovala pouze jako pomocný nástroj pro urychlení výpočtů a předběžné hledání korelací."" (3.5 Využití umělé inteligence v bakalářské práci) [The AI tool used was the GPT-4 model developed by OpenAI. / The artificial intelligence functioned only as an auxiliary tool for speeding up calculations and preliminary searching for correlations.] — no personality instrument was administered to it, so no E3 arm.",,True,False,
10_70088_1vfc7d04,10.70088/1vfc7d04,Text Mining and Classification Prediction Based on Twitter MBTI,journal_article,E2,E2,E2,,,,,,,False,False,False,False,False,False,False,False,False,False,False,False,False,False,False,False,False,False,True,True,True,False,False,False,False,False,False,False,False,False,False,False,False,,,,"This study collected MBTI personality labels from 8,675 Twitter users, along with 50 randomly selected daily posts from each user on the MyPersonality cafe forum, resulting in a total of approximately 422,845 posts. — 3. Data Mining, 3.1. Data Selection and Preprocessing",,,"c1: No sentence anywhere in the text states that the authors administered a personality instrument; the dataset is described only as collected/pre-labeled ('MBTI personality labels from 8,675 Twitter users... on the MyPersonality cafe forum'), matching E2 (secondary type data, authors administered nothing). No instrument code applies. There is no mention anywhere in the text or reference list of 16Personalities, NERIS Type Explorer, or any vendor/publisher of the MBTI (no Form M/G/Q, no Step I/II, no licensed/certified administration), so no R flags and no conflation flags are supported. The Introduction gives the MBTI's own history (Myers, Briggs, Jung) without reference to the vendor's test, so this is not C2 (there is no vendor test present in the text to be given that lineage). Note for context, not affecting the code: the title and abstract call the data 'Twitter' data and the Introduction says posts are collected 'from users with confirmed MBTI labels', but the Methods section (3.1) identifies the actual source as the 'MyPersonality cafe forum' — this looks like the widely-circulated PersonalityCafe-forum-derived Kaggle MBTI dataset rather than data scraped from Twitter itself, though the text never states that directly. No non-human respondent arm and no second instrument were found. This work's file contains only this one paper (single title, continuous pagination, single reference list); no neighbouring work was found. || c2: No vendor reference of any kind appears in this work. Searches of the full text (including the 14-item reference list) return zero hits for '16personalities', '16personalities.com', 'NERIS', 'NERIS Analytics' and 'Type Explorer'; the only URLs present are 'https://creativecommons.org/licenses/by/4.0/' in the copyright block and the bare strings 'http://' and 'https://' quoted in the preprocessing description ('eliminating URLs beginning with ""http://"" or ""https://""' - 3.1). All six R flags and C1-C3 are therefore false as a matter of absence, not of judgement: sections 5 and 6 attach to the citing work's own use of the vendor's site or test, and this work never names it.

Word-form note, relevant to section 1. The work's only match on a 16Personalities word form is the generic noun phrase in 4.3. Categorical Word Frequency Analysis: 'we identified the top 20 most frequent words for each of the 16 personalities and observed 12 terms (e.g., ""people,"" ""feel,"" ""time,"" ""lot,"" ""type"") consistently present in all types.' In context '16 personalities' denotes the sixteen MBTI types, not the vendor. The three other near-matches are all 'MBTI personality types' / '16 personality types'. Under section 2 the corpus rule is explicitly a string match, and this string is present, so the record is not 'no_word_form' under section 1 as written; but it is a query false positive in substance, and I record it here rather than inventing a category the protocol does not have. Coded normally per the assignment.

Section 6 note. The lineage sentence in 1. Introduction - 'The Myers-Briggs Type Indicator (MBTI) is a widely recognized personality typology model, originally developed by Isabel Briggs Myers and Katharine Cook Briggs based on Carl Jung's theory of psychological types.' - is C2-shaped wording but attaches the Jung/Myers/Briggs lineage to the MBTI itself, which is where it belongs. C2 requires that lineage to be given to the vendor's test, which this work never mentions. C0.

Provenance note supporting E2. The work contains no administration language at all: zero occurrences of 'administer', 'questionnaire', 'respondent', 'survey', 'participant', 'completed', 'recruit', 'consent' or 'ethic'. Labels are pre-existing and treated as given - 2. Overview of Related Work: 'In this study, Twitter posts from users with confirmed MBTI labels are collected to assess the feasibility of MBTI classification prediction through text mining, aiming to provide empirical insights for practical applications.' The single occurrence of 'MBTI test' (3.2.2) is structural background, not administration: 'Since the MBTI test is structured around four sets of opposing dichotomies, we applied binary classification to the labeled data to examine the respective counts of the eight resulting indicators.'

Document-type note, section 3.6 and arm S1. text_is_abstract is false: the retrieved text is a complete article of roughly 4,950 words with numbered sections 1-6, eight figures, eight tables and a 14-item reference list. None of the section 3.6 abstract markers are present. It does, however, carry a conference-proceedings masthead that the journal_article metadata does not reflect - the file opens 'GBP Proceedings Series Review 2025 2nd International Conference on Science and Technology, Modern Education and Management (TMEM 2025)' and every page bears the running head 'Vol. 16 (2025)' / 'GBP Proceedings Series'. Per section 3.6 I have not changed the venue class; flagging for the author because it bears on S1 rather than on S6, and section 3.6's text_is_abstract field is not built to hold a full conference paper.",,False,False,
10_1007_s10758_025_09931_w,10.1007/s10758-025-09931-w,Understanding Students’ Behavior in Learning Management Systems Through Their Personality Traits,journal_article,E1,E1,E1,a,a,a,,,,True,True,True,False,False,False,False,False,False,True,True,True,False,False,False,False,False,False,False,False,False,True,True,True,False,True,,True,True,True,False,False,False,This study employed the 16Personalities test to assess students’ personality traits. — 2.8 Instrumentation,"Psychometric evidence from the original text provided by the 16Personalities test dem- onstrates acceptable reliability. Internal consistency values (Cronbach’s alpha) range from 0.79 to 0.91 across the main scales, while test–retest reliability over a 5–7-month interval with a sample of nearly 2900 respondents shows correlations between 0.74 and 0.83. — 2.10 Psychometrics","For personality assessment, students completed the MBTI test through a widely rec- ognized online platform that provides personality type classifications based on the MBTI framework. — 2.8 Instrumentation | we employed a well-established MBTI questionnaire with strong psychometric properties — 4.3 Interpretation",students were required to complete a psychological assessment using an online platform — 2.6 Data Collection,c2,"c2: C2 and C3 only. The work contains a counter-statement that the protocol does not tell me how to weigh against located conflation sentences: in 2.8 Instrumentation, immediately after the C1/C2 sentence, it writes ""Although the instrument reports results in the familiar MBTI format, it is grounded in the Big Five framework, providing both accessibility for students and educators and a stronger theoretical basis"" and ""While it is less extensively validated than traditional Big Five inventories, prior studies suggest it produces consistent and interpretable outcomes"". That is the vendor's own provenance position, so the work partly states the distinction §6 C0 describes, and it directly contradicts both the ""based on the MBTI framework"" clause I coded C2 on and the ""well-established MBTI questionnaire with strong psychometric properties"" claim I coded C3 on. I coded C2 and C3 on the located sentences because §6 asks for statements that give the vendor's test the MBTI's provenance or standing and those sentences do, and because the field note fixes C0 as false whenever any of C1-C3 applies; but a coder who let the Big Five sentence govern would read this work as C1 only. C1 itself is not in doubt: the one administered instrument is called ""the MBTI assessment"" (2.3), ""the MBTI test"" (2.8) and ""a well-established MBTI questionnaire"" (4.3) as well as ""the 16Personalities test"" (2.8). E1, instrument (a), R1 and R4 are not uncertain.","c2: Vendor URL appears as footnote 7, ""https://16Personalities.com"", attached to the 2.6 Data Collection sentence ""As part of the experimental procedure, students were required to complete a psychological assessment using an online platform.7"" — so the vendor is identified in Methods, not only in the reference list; §4.1 does not apply. Respondents completed the test themselves during the study and then transcribed the result (""After obtaining their personality type results, participants manu- ally selected and recorded their MBTI classifications within the university’s Moodle system"", 2.6), which is primary administration despite the self-report transcription step, so E1 rather than E2. No second personality instrument: 2.8 also names Moodle and HackerRank, but as an activity-log platform and a coding-assessment tool, not as type measures, so §4.2 does not apply. Reference list contains no 16personalities.com or NERIS entry; the vendor material cited for reliability in 2.10 is described only as ""the original text provided by the 16Personalities test"" with no reference entry. No non-human arm.",c2,True,False,
10_32782_2519_884x_2025_57_8,10.32782/2519-884x-2025-57-8,ПСИХОЛОГІЧНІ ТИПИ ЯК ІНСТРУМЕНТ ПІДВИЩЕННЯ МОТИВАЦІЇ ТА КОМАНДНОЇ ЕФЕКТИВНОСТІ,journal_article,E1,E1,E1,c,c,c,c-authormade,c-unnamed,,False,False,False,True,True,True,False,False,False,False,False,False,False,False,False,False,False,False,False,False,False,True,True,True,False,True,,False,False,False,False,False,False,"""Емпірична складова полягає у проведенні спостережень, анкетуванні персоналу, зокрема застосуванні адаптованих опитувальників MBTI та DISC."" (The empirical component consists of conducting observations, surveying staff, in particular applying adapted MBTI and DISC questionnaires.) — Формулювання цілей статті (Methods)",,"Figure captioned ""Рис. 1. Типи особистості за MBTI"" (Personality types according to MBTI) sourced in part to reference [5], ""Типи особистості. 16 personalities. URL: https://www.16personalities.com/uk"" — Виклад основного матеріалу (Figure 1) / Список використаних джерел, item 5. The figure lists the sixteen types under 16Personalities' own proprietary nicknames with the vendor-specific Assertive/Turbulent suffix, e.g. ""Логіст (ISTJ-А / ISTJ-Т)"", ""Архітектор (INTJ-А / INTJ-Т)"" (Logistician (ISTJ-A/ISTJ-T), Architect (INTJ-A/INTJ-T)), and the vendor's own four-group scheme ""Аналітики, Дипломати, Вартові та Дослідники"" (Analysts, Diplomats, Sentinels and Explorers) — none of which belongs to the published Myers-Briggs instrument — while the caption and the preceding paragraph present all of it as the output of ""Тест Myers-Briggs Type Indicator (MBTI)"". The vendor's typology and the MBTI are named as one instrument.","""Емпірична складова полягає у проведенні спостережень, анкетуванні персоналу, зокрема застосуванні адаптованих опитувальників MBTI та DISC."" (The empirical component consists of conducting observations, surveying staff, in particular applying adapted MBTI and DISC questionnaires.) — Формулювання цілей статті (Methods)",c2,"c2: Two undecided points; neither changes E1 or the main instrument code (c). (1) Sub-label. The Methods wording is ""адаптованих опитувальників MBTI та DISC"" (""adapted MBTI and DISC questionnaires""). ""Adapted"" is not explained: §3.4 offers c-unnamed (no form/publisher/version/URL — chosen here, as the plainest reading of what the text actually says), c-translated (adaptation into Ukrainian would normally involve translation, but no translation, licence or source is stated), and c-authormade (the reported data come from the authors' own Google Forms survey, reference 2 ""Дослідження психологічних типів працівників. Google Docs. URL: https://docs.google.com/forms/d/1DTjOKMh-uRDsZXOjjleHqZ7GHhZcH8A0Y8Yfg-ZhGuI/viewanalytics"", described as ""комбінування елементів типологій MBTI та DISC"" — a combination of elements of the two typologies — but the text nowhere says the authors wrote the items). The protocol does not decide which sub-label an unexplained ""adapted"" questionnaire takes. (2) C1. The equation of the vendor's material with the MBTI is not made in a prose sentence naming both; it rests on the Fig. 1 caption ""Рис. 1. Типи особистості за MBTI"" over content the work itself sources to ""[4; 5]"", entry 5 being https://www.16personalities.com/uk. A stricter reader who requires a prose statement naming the two together could code C1 false and keep only C2. C2 itself is not affected. §4.1 c-vendor-cited-only was considered and rejected: it requires that the work never says what respondents completed, and this work does say (an adapted MBTI questionnaire), it merely fails to identify it.","c1: Second instrument (§4.2): the work states it administered an adapted DISC questionnaire alongside the adapted MBTI one in the same sentence — ""зокрема застосуванні адаптованих опитувальників MBTI та DISC"" (in particular applying adapted MBTI and DISC questionnaires) — Формулювання цілей статті. DISC (Dominance, Influence, Steadiness, Compliance, attributed to William Marston, ref. [3]) is a distinct, non-MBTI instrument reported here per the field notes rather than folded into the main instrument code; reported findings later in the text mix MBTI and DISC dimensions together (e.g. ""інтуїтивно-раціональні ознаки (N-T за MBTI) і домінантно-аналітичні властивості за DISC"" — Виклад основного матеріалу), consistent with §4.2's 'both feed the results equally' case, but neither instrument is identified as the vendor's test in that passage, so the main code stays (c) rather than moving to (a). Sub-label choice: ""адаптованих опитувальників MBTI"" (adapted MBTI questionnaires) is the coder's best fit for c-authormade, but the text never states whether 'adapted' means author-written items, a translation of an existing form, or something else, so c-translated is also a plausible reading of the same sentence; this does not change the main code. Note on the E1 call: the passages reporting apparent findings (e.g. respondents with N-T/DISC-analytical profiles favoring strategic thinking) are qualitative, give no sample size or statistics, and are tied to reference [2], a bare Google Forms/Docs link (""Дослідження психологічних типів працівників"") with no author or method detail of its own. The E1 code rests on the explicit Methods statement that staff were surveyed with adapted MBTI/DISC questionnaires; the protocol ties E1 to that account rather than to the thinness of the reported results. || c2: Second instrument (§4.2): DISC was administered alongside the unidentified MBTI-type questionnaire — ""застосуванні адаптованих опитувальників MBTI та DISC"" — and the results are reported on both together (""комбінування елементів типологій MBTI та DISC""). DISC is a different instrument family, not a second MBTI-type instrument, so it does not compete for the §3 code; it is recorded here because the reported types are produced by a combined MBTI+DISC survey. The empirical arm is reported without any sample size, sampling frame, dates, item count or scoring procedure; the only data-source citation is reference 2, a Google Forms ""viewanalytics"" link. No non-human arm. The retrieved file holds one work only (article plus its own English abstract), so §3.6's multi-work caution does not bite.","instrument_sublabel,c2",True,False,
10_33063_ijrp_vi17_648,10.33063/ijrp.vi17.648,Bleed in Dungeons & Dragons: A Study on the Impact of Personality Design and Character Similarity,journal_article,E1,E1,E1,a,a,a,,,,True,True,True,True,True,True,False,False,False,False,False,False,False,False,False,False,False,False,False,False,False,False,False,False,True,True,True,False,False,False,False,False,False,"""Character creation was done using the Myers-Briggs-based, gamified 16personalities.com personality test."" — 3.2 Materials and Measures",,"""Character creation was done using the Myers-Briggs-based, gamified 16personalities.com personality test."" — 3.2 Materials and Measures","""Character creation was done using the Myers-Briggs-based, gamified 16personalities.com personality test."" — 3.2 Materials and Measures",,,"c2: Not a calibration record (§7). Single work in the retrieved file (IJRP Issue 17, pp. 106-138: full article with Method, Results, Discussion, References and Appendices A-C), so §3.6 does not bite. (1) §4.2 does not apply: only one personality instrument was administered. The study also administered an adapted Immersive Experience Questionnaire, an adapted Self-Presence Questionnaire and a purpose-built bleed questionnaire (Appendix C), but these measure immersion, self-presence and bleed as outcomes, not personality type. (2) The acronym ""MBTI"" does not occur anywhere in the retrieved full text, including the reference list; the work says ""Myers-Briggs"" only, e.g. the Abstract's ""Furthermore, a Myers-Briggs-based, gamified personality test was used as a simplified way of op- erationalizing similarity between a player and their character."" (3) C1 was considered and coded false: the work never names the vendor's test and the MBTI as one instrument, it names one administered test and attributes a Myers-Briggs basis to it (""the Myers-Briggs-based, gamified 16personalities.com personality test""), which is the lineage claim C2 covers. Recorded because the same Method paragraph then applies criticism of ""Myers-Briggs"" directly to the administered test (""Nevertheless, while the test is not a tool for predicting performance or outcomes, it is helpful to users as a guideline for increased self-awareness and understanding (Stein & Swan 2019).""), which another reader could take as treating the two as one instrument. (4) C3 is false in the strong sense: the work states the opposite of authority — ""Accord- ing to critics, Myers-Briggs is unlikely to be a valid measure of personality and is largely refuted by scholars."" — and cites Stein & Swan 2019 and Weddle 2015, not the vendor, on validity; no vendor page is used as psychometric evidence, hence R4 false. (5) Appendix B, Condition C has participants invert a five-letter type including the vendor's -A/-T suffix (""if your personality test gives you INTJ-A, you turn it around to ESFP-T"") and read the resulting type's page on the vendor's site, which is the located basis for R2 alongside the Condition A quote.",,False,False,
10_18653_v1_2026_findings_acl_205,10.18653/v1/2026.findings-acl.205,Chameleons and Guardians: Unveiling the Divergence in Personality Plasticity and Cognitive Resistance across LLMs,conference,E3,E3,E3,,,,,,,True,True,True,False,False,False,False,False,False,True,False,,False,False,False,False,False,False,False,False,False,True,True,True,False,True,,True,True,True,False,False,False,,,"""we conduct specialized MBTI tests on 7 state-of-the-art mainstream LLMs"" — Section 3.1, ""Stable Personality of LLMs"" (footnote 1 = ""www.16personalities.com""). Throughout the paper the vendor-sourced test that is actually administered (60 questions, seven-point Likert scale, sourced via footnote 1 to 16personalities.com) is named simply ""MBTI"" — in this sentence, in ""the professionally validated MBTI questionnaire"" (Section 4.1), in ""the 60 MBTI professional questions"" (Section 5.1), and in ""the official MBTI evaluation"" (Section 4.1) — with no sentence anywhere distinguishing the vendor's test from a published MBTI form. | ""N is the total number of questions in the official MBTI evaluation"" — Section 4.1, ""Multi-Agent Paraphrasing System"" (in the prose defining Eq. 5). The questionnaire that this sentence describes is the one sourced two paragraphs earlier to footnote 1 (""www.16personalities.com""); it is called ""official"" here.","""we conduct specialized MBTI tests on 7 state-of-the-art mainstream LLMs"" (Gemini3-Pro, Claude-Opus-4.5, GPT-5.2, Qwen3-Max, DeepSeek-V3.2-Chat, Doubao-Seed-1.6-flash, Kimi2) — Section 3.1, ""Stable Personality of LLMs"". The instrument (a footnoted MBTI test) is administered directly to the LLMs themselves, whose answers are scored into MBTI types (Eq. 7: ""Mscore = MBTI(πtest | Pfinal)"", Section 4.1). No human respondents appear anywhere in the study; every arm of the work (original-personality measurement, induction via PIF, and the Big Five generalizability check in Appendix B.1) administers a questionnaire to a language model.",c2,"c2: R4 is a close call and I want the adjudicator to see it. The work's only vendor citation is footnote 1, ""1www.16personalities.com"", and at Section 4.1 it is attached to an instrument described as ""theprofessionallyvalidatedMBTI1questionnaire"" with no other reference supporting the word ""validated"". Read strictly, Section 5 R4 asks whether the vendor's site is cited as evidence of reliability or validity — as in the Bai 2025 calibration record, where reliability figures are themselves sourced to a vendor page. This work draws questionnaire items from the vendor, not psychometric figures; the validity claim is an unsupported adjective, and Section 6 C3 names exactly that wording (""called official, standard, validated, or professional""). I therefore coded R4 false and C3 true. An adjudicator could reasonably read the same footnote as also carrying R4, on the ground that it is the sole warrant offered for the validation claim. Secondary, smaller doubt on R2: the four dimension names used throughout (""Energy(E-I),Mind(S-N),Nature(T-F),andTactics(J-P)"", plus ""ObServant"" and ""Prospecting"", Section 2) and the sixteen type descriptions in Appendix E.2 are the vendor's own wording, but no vendor citation is attached to any of them — Section 2 and Appendix E.1 cite Myers 1962/1985 instead — so on the requirement that a flag needs a located citation of the vendor I coded R2 false, and recorded the borrowed wording under C2 instead. This work is not one of the three Section 7 calibration records.","c1: All respondents in this study are LLMs, never humans: the paper measures each model's 'native' MBTI type (Section 3.1), induces target types via the proposed Personality Induction Framework (PIF, Section 4), and validates generalizability with a second, distinct instrument — the Big Five Inventory (BFI) — administered to Claude and Deepseek in Appendix B.1 (""we conduct experiments to include the Big Five personality framework (Sorokovikova et al., 2024)... We adapt our PIF to generate inducing contexts based on the five continuous traits""). Per protocol §4.2 this second instrument (BFI, not MBTI/16Personalities) is recorded here in free text rather than affecting the E/instrument code, since this work is E3 (no instrument code assigned) and the BFI arm does not carry the vendor citation that MBTI does in this paper. Note also: the paper's own Section 2 background cites Myers (1962, 1985) for 'MBTI' and labels the four dichotomies with vendor-specific terms not found in the published MBTI (""Energy"", ""Mind"", ""Nature"", ""Tactics"", ""ObServant"", ""Prospecting"" — these are 16Personalities' own dimension/letter names), and Appendix E.2 lists the 16 types under vendor-branded nicknames (""Architect"", ""Logician"", ""Commander"", etc., again 16Personalities' own naming, absent from the official MBTI). Appendix E.2 itself carries no footnote or citation to the vendor at that specific location, so it was not used as separate R2 evidence, but it reinforces the C1 reading that the paper treats the vendor's framework and 'the MBTI' as interchangeable throughout. || c2: Non-human arm: the whole study is non-human. Seven LLMs (Gemini3-Pro, Claude-Opus-4.5, GPT-5.2, Qwen3-Max, DeepSeek-V3.2-Chat, Doubao-Seed-1.6flash, Kimi2) are given the questionnaire at three temperatures, 20 repeated trials each; no human is measured at any point. Second instrument (Section 4.2 of the protocol): the work also administers a Big Five inventory to two of the models — ""TodemonstratethatourPIFgeneralizestootherpersonalityframeworks,weconductexperimentstoincludetheBigFivepersonalityframework(Sorokovikovaetal.,2024)."" (Appendix B.1) — and a Chinese translation of the vendor's questionnaire — ""wetranslatealltheMBTIquestionsintoChineseandre-testedthepersonalitytransforma-tionofLLMsusingourPIFframework."" (Appendix B.2). Neither changes the E code, and no instrument code is assigned because the work is E3. Corroboration that the administered items are the vendor's: Appendix D.5 prints all 60 questions verbatim (""Q1:Youregularlymakenewfriends."", ""Q55:Youoftenfeeloverwhelmed."") and Table 11 groups them into Energy/Mind/Nature/Tactics/Identity, the vendor's five-scale structure. Quoting artefact: the retrieved text has had inter-word spaces stripped and line-break hyphens retained by PDF extraction (e.g. ""Nisthetotalnum-berofquestions""). All quotes above are copied character-for-character from that file, so they are searchable in it; they are not re-spaced, because re-spacing would no longer be the source wording.","r4,c2",True,False,
10_1186_s12903_026_08047_6,10.1186/s12903-026-08047-6,Evaluating Pakistani dental graduates’ preparedness for practice: a mixed methods study using the conscious competence model,journal_article,E1,E1,E1,a,a,a,,,,True,True,True,False,False,False,False,False,False,False,False,False,False,False,False,False,False,False,False,False,False,True,True,True,True,True,True,False,False,False,False,False,False,"""Participants also completed an online MBTI personality test [ 20 ]."" — Methods (Quantitative data collection and analysis). Citation resolves in the reference list to ""Limited NA. 16 Personalities Test . 2025. Available from: https://www.16personalities.com/free-personality-test . Cited 2025 03/04/2025."" — References.",,"""Participants also completed an online MBTI personality test [ 20 ]."" — Methods (Quantitative data collection and analysis). The instrument cited only to 16Personalities (ref. 20) is named ""an online MBTI personality test"" — MBTI — with no distinction drawn from the published MBTI anywhere in the text (Abstract, Results, Discussion, Conclusion and the Abbreviations list — ""MBTI: Myers–Briggs Type Indicator"" — all likewise call it simply 'MBTI'). | ""Based on Jung’s theory of psychological types, this tool has proven insightful in studies mapping medical students’ performances [ 11 , 12 , 13 , 14 , 15 , 16 , 17 , 18 ]."" — Introduction. This sentence follows immediately after ""the Myers-Briggs Type Indicator ® (MBTI ® )"" is introduced as the personality assessment tool; the paper never distinguishes this general 'MBTI' from the specific online test later cited to 16Personalities (ref. 20) and administered to participants.","""Participants also completed an online MBTI personality test [ 20 ]."" — Methods (Quantitative data collection and analysis)",c1,"c1: C2 (provenance) is a judgment call: no single sentence states that the 16Personalities-cited instrument (""an online MBTI personality test [ 20 ]"", Methods) itself descends from Jung's theory. The Jung lineage statement (""Based on Jung’s theory of psychological types, this tool has proven insightful..."") is in the Introduction, describing 'the Myers-Briggs Type Indicator® (MBTI®)' generally and citing eight academic MBTI papers (refs 11-18), not the vendor; the citation to 16Personalities (ref. 20) is in Methods, describing 'an online MBTI personality test' actually administered. The paper never distinguishes these two uses of 'MBTI' anywhere in the text — Abstract, Results, Discussion, Conclusion and the Abbreviations list ('MBTI: Myers–Briggs Type Indicator') all use the single unqualified term for what was administered — which is why I read the Jung lineage as attaching to the same instrument (C2), on top of the identity conflation (C1, which is unambiguous on its own: the 16Personalities-cited test is directly called 'an online MBTI personality test'). If the adjudicator requires a single co-located sentence naming both the vendor and the Jung lineage for C2, it should be dropped and only C1 retained. instrument_evidence_level is also a judgment call: the Methods text never states in plain prose that respondents completed 16Personalities' test by name (which would be level 1, as in the Bai 2025 calibration exemplar's 'this study utilized the NERIS Type Explorer® testing tool, available on the 16Personalities website'); here the vendor identification rests entirely on the citation marker [ 20 ] resolving via the reference list to the vendor's URL, which is level 2.","c2: instrument_evidence_level recorded as 2: the Methods sentence (level 1) states only that respondents completed ""an online MBTI personality test"", which on its own would be (c) c-online; what decides (a) is the attached citation [ 20 ] resolving to https://www.16personalities.com/free-personality-test (level 2). §4.1 does not apply because the vendor citation is attached to the Methods statement of what respondents completed, not present only in the reference list. No second personality instrument was administered: the DU-PAS is a preparedness scale, not a type instrument, and the global rating is a single self-report item. C3 was set false deliberately: the work does not call the administered test official, standard, validated or professional, and its Discussion states the opposite — ""The validity of the MBTI in predicting professional performance is debated, offering only an approximate view of complex behaviours [ 44 ]."" R2 was set false because the four dichotomies are sourced to reference [ 13 ] (Thompson & Borrello) and Jung's theory to [ 11 ]–[ 18 ], not to the vendor.",,True,False,
10_5281_zenodo_20131632,10.5281/zenodo.20131632,"Evidence-Based Frameworks for University Major Selection: A Five-Step Operational Model for Vietnamese 17-Year-Olds, with the Psychometric Displacement of MBTI",preprint,E4,E4,E4,,,,,,,False,False,False,False,False,False,False,False,False,False,False,False,False,False,False,True,True,True,True,True,True,False,False,False,False,False,False,False,False,False,True,True,True,,,,This paper synthesises the empirical literature on how 17-year-olds should actually choose a college major and produces a five-step operational framework that displaces these popular but unsupported approaches with instruments that have psychometric backing. — Description,c2,"c2: Two things are undecided. (1) §1 versus §3.6: the deposited preprint file is restricted, so the article's own full text truly could not be obtained and §1 would make this `unobtainable` (not coded at all); what was retrieved is the record page carrying only the abstract, which §3.6 handles by flagging `text_is_abstract` and coding anyway. The assignment gives no `unobtainable` option, so the work is coded from the abstract and the flag is set, but the choice between those two protocol routes is the author's to make. (2) All codes therefore rest on abstract-level evidence only. E4 follows from the abstract describing a literature synthesis producing a framework, with no participants, no data collection and no type frequencies mentioned; but §2's evidence is normally 'the work's own account of how it obtained its data' in Methods, and no Methods section was retrievable, so an unreported administration inside the restricted file cannot be excluded from this text. The same limit applies to the R and C flags: the vendor is named exactly once in the retrieved text, and the body of the preprint may use it differently.","c1: Only the Zenodo record's Description (abstract-length synthesis of the paper) was retrievable; the deposited files are restricted ('Files Restricted... Log in to check if you have access'), so no Methods, body, or reference list exists in the retrieved text. No administration to any respondent (human or agent) is described anywhere in the retrieved text: RIASEC and Big Five are recommended as tools a 17-year-old could use going forward, not instruments the authors administered in this study, so this stays E4 rather than E1/E2/E3. MBTI and 16Personalities are named together in one list alongside horoscope/zodiac matching and folk kinship-pattern advice as unsupported 'dominant career-guidance instruments' in Vietnamese secondary-school content; they are listed as distinct items (not equated), and 16Personalities is not otherwise cited, so R6/C0 is as far as the text supports. Separately: the DOI shown on the retrieved page is 10.5281/zenodo.20131633, not the assigned 10.5281/zenodo.20131632 — most likely a Zenodo version-DOI difference given the title and author ('Le, That', 'Elix-Researches Program') match the assigned work exactly, but noted here since it could not be verified from this file alone. The page's Keywords field ('elix-researches', 'Vietnamese informatics education', 'K-12 programming', 'competitive programming pedagogy', 'working paper') is unrelated to this work's actual subject and was not used as evidence for any code. || c2: Metadata discrepancy, recorded because it may affect §1 dup_group handling: the assignment names doi 10.5281/zenodo.20131632, while the retrieved record page shows 'DOI 10.5281/zenodo.20131633' throughout its DOI, badge and export blocks — the usual Zenodo concept-DOI / version-DOI pair rather than a different work; the title on the page matches the assigned title exactly. No second instrument (§4.2) and no non-human arm appear in the retrieved text. The record's keyword list ('elix-researches Vietnamese informatics education K-12 programming competitive programming pedagogy working paper') does not match the paper's subject and looks carried over from the depositor's series; it was not used as evidence for any code.",,True,False,
10_24412_cl_37519_2026_1_157_166,10.24412/cl-37519-2026-1-157-166,NEMIS TILNI O‘QITISHDA RAQAMLI GEYMIFIKATSIYA PLATFORMALARI VA KO’P QIRRALI INTELEKT ASOSIDA TALABALARNING KOMMUNIKATIV KOMPETENSIYANI RIVOJLANTIRISH,repository,E1,E1,E1,a,a,a,,,,True,True,True,False,False,False,False,False,False,False,False,False,False,False,False,False,False,False,False,False,False,True,True,True,True,True,True,False,False,False,False,False,False,"Ta’lim jarayonida Myers–Briggs Type Indicator (MBTI) kabi psixologik inventarlardan foydalanish orqali o‘qituvchilar talabalarning shaxsiy turlarini ham belgilab olishlari mumkin. MBTI 16 shaxsiy turlarga bo‘linadi va har bir tur o‘ziga xos o‘rganish strategiyasiga ega. Ushbu bepul shaxsiyatni aniqlash testini https://www.16personalities.com/free- personality-test havolasi orqali olish mumkin. — Kirish (Introduction) [English gloss: ""In the educational process, by using psychological inventories such as the Myers–Briggs Type Indicator (MBTI), teachers can also determine students' personal types. MBTI is divided into 16 personal types, and each type has its own learning strategy. This free personality-determination test can be obtained via the link https://www.16personalities.com/free-personality-test."" — 'Ushbu' (""this"") refers back to MBTI, so the sentence identifies MBTI itself with the free test at the vendor's URL.]",,"Ta’lim jarayonida Myers–Briggs Type Indicator (MBTI) kabi psixologik inventarlardan foydalanish orqali o‘qituvchilar talabalarning shaxsiy turlarini ham belgilab olishlari mumkin. MBTI 16 shaxsiy turlarga bo‘linadi va har bir tur o‘ziga xos o‘rganish strategiyasiga ega. Ushbu bepul shaxsiyatni aniqlash testini https://www.16personalities.com/free- personality-test havolasi orqali olish mumkin. — Kirish (Introduction) [English gloss: same passage as instrument_quote; 'Ushbu' (""this"") names the vendor's free test and MBTI as the same instrument.] | Humanmetrics.com. (2015). Personality test based on C. Jung and I. Briggs Myers type theory. Retrieved from: https://www.16personalities.com/free-personality-test — Adabiyotlar ro‘yxati (Reference list, item 15) [English gloss: the reference gives the vendor's free-test URL (16personalities.com) a lineage of ""C. Jung and I. Briggs Myers type theory"" — a provenance the vendor itself disclaims per §6/C2.]","MBTI testi orqali shaxsiy o‘quv uslublarini bilgan talabalar o‘zlarining samarali o‘rganish strategiyalarini ishlab chiqdi. — Natijalar (Results) [English gloss: ""Students who came to know their personal learning styles through the MBTI test developed effective learning strategies of their own.""]","c1,c2","c1: This work has no Methods/Participants section; nothing states a sample size, setting, or administration procedure anywhere in the text. E1 is coded because the Natijalar (Results) section reports, in definite past tense, that lessons based on Multiple Intelligences and MBTI were conducted and that students 'who came to know their personal learning styles through the MBTI test' developed strategies, and separately reports extravert vs. introvert students showing differentiated outcomes -- read together, this is the work's own account that respondents completed a personality instrument (the §2 gate for E1). A stricter reading is defensible: some adjacent quantitative claims in the same Natijalar section are sourced to secondary literature rather than the author's own data (e.g., the 25% figure is followed by '(Dunn & Dunn, 2000)'), and the Xulosa va tavsiyalar (Recommendations) section recommends beginning to use the 16personalities.com free test 'har semestr boshida' (at the start of each semester) as a step for the future, which sits in tension with the Results section already reporting outcomes attributed to its use. So it is not certain that any primary data collection by this author occurred, and E4 (a position/advocacy piece written in results-report style) cannot be ruled out from the text alone. Separately, the instrument code (a) rests on Level-2 evidence only: the Kirish sentence identifies 'MBTI' with 'this free personality-determination test' at the 16personalities.com URL, and that identification is reused consistently (Discussion, Recommendations) -- but no sentence anywhere states explicitly that respondents completed that specific URL/test for the study reported in Natijalar. The (a) code is an inference from the paper's own undifferentiated, conflated use of 'MBTI' and the vendor's free test as one thing, not a direct Methods statement of what was administered. || c2: Two linked judgements, both at a boundary the protocol does not settle. (1) E1 vs E4. The work has no Methods, Participants or Data Collection section, no sample size, no site, no dates and no design; the case for administration rests entirely on the past-tense Natijalar (Results) section — ""Ushbu tadqiqot davomida ... olib borilgan darslar"", ""MBTI testi orqali shaxsiy o‘quv uslublarini bilgan talabalar ... ishlab chiqdi"", and extravert/introvert outcome contrasts — plus unsourced figures (""Talabalarning darsga jalb qilinishi 30-40% ga oshdi""). Read as a genuine account of teaching in which students took the test, the work is E1; read as a position/review piece with a narrative results section that reports no type data of its own, it is E4 and the instrument code drops. §2 is explicit that failure to describe provenance is the finding rather than a reason to exclude, so I coded E1, but the reading is thin and an adjudicator could reasonably rule E4. (2) If E1 stands, (a) vs (c) c-online. The work never says in so many words ""respondents completed the 16Personalities test"": it says the MBTI test was used and, in three places in the body (Kirish, Muhokama, Xulosa), identifies that free test with https://www.16personalities.com/free-personality-test. §4.1 does not apply — the vendor URL is in the running text, not only in the reference list, so c-vendor-cited-only is not the shape here — and §4.3's principle that the URL decides, together with §3.2's ""described free/online test whose cited URL resolves to the vendor's domain"", gives (a) at hierarchy level 2. A stricter reader who required an explicit administration sentence would code (c) c-online. Coded (a) at level 2 rather than level 1 because the work has no Methods section at all.","c2: The retrieved file holds one work only — the assigned paper, pp. 157-166 of the Termiz State Pedagogical Institute conference proceedings (17-18 April 2026), with its own three-language abstract, sections (Kirish / Adabiyotlar tahlili / Muhokama / Natijalar / Xulosa va tavsiyalar) and a 17-entry reference list, so §3.6's several-works-in-one-file rule is not triggered and no neighbouring work's sentences were used. text_is_abstract is false: this is a full proceedings paper (~3,200 words), not a conference abstract, although its venue is a conference proceedings volume rather than a journal. Two observations the coded fields cannot hold. (i) Reference 15 credits the 16Personalities URL to ""Humanmetrics.com. (2015)"" — the vendor page is filed under a different vendor's name and dated to a year, i.e. the only formal citation of the instrument is wrong about who publishes it. (ii) The paper's title announces ""raqamli geymifikatsiya platformalari"" (digital gamification platforms), and the body never discusses gamification at all; the title matches the assigned record exactly, so this is a property of the work, not a mismatch of the retrieved text. No second instrument is administered and there is no non-human arm; the Multiple Intelligences component is a framework, not an administered personality instrument.",,True,False,
10_5281_zenodo_21517801,10.5281/zenodo.21517801,Persönlichkeitstests im beruflichen Kontext,repository,E4,E4,E4,,,,,,,False,False,False,False,False,False,False,False,False,False,False,False,False,False,False,True,True,True,True,True,True,False,False,False,False,False,False,False,False,False,True,True,True,,,,"""It is based on a critical narrative review of scientific literature, test manuals, and publicly available information provided by test publishers, supplemented by experience gained from their practical use in organizations."" — Abstract (English)",c2,"c2: Three things the protocol does not cleanly decide here. (1) Input: §1 requires the full text, not the abstract, and codes a work whose full text cannot be obtained as 'unobtainable'. What was retrieved is the Zenodo landing page containing the German and English abstracts and repository metadata; the article PDF was not retrieved. This record may belong in 'unobtainable' rather than being coded, but that value has no slot in this schema, so it is coded as instructed with text_is_abstract set true (§3.6, which is worded for conference abstracts rather than repository landing pages). All R and C coding below rests on the two abstract sentences that contain a 16Personalities word form; R4 in particular could exist in the unretrieved PDF and cannot be ruled out from this text. (2) R6's wording ('named in passing; no claim in the work rests on it') fits awkwardly: 16Personalities is a named object of the review, not a passing mention, yet none of R1-R5 describes the work's own use of the vendor, and §5 as amended attaches a flag to the citing work's own use. R6 is coded as the residual. (3) C1 is borderline: the list pairs 'MBTI und 16Personalities' in the same slot where the neighbouring item reads 'DiSC beziehungsweise Everything DiSC' ('bzw.' = 'or rather'), which could be read as treating the pair as one instrument. 'und' is weaker than the parenthetical equations §7 uses as C1 exemplars, so C0 is coded conservatively; an adjudicator reading the pairing as an identity claim would code C1.","c1: The retrieved text is a repository abstract page, not the full article PDF. Per its own English abstract, the work is a critical narrative review comparing six assessment instruments: ""the MBTI and 16Personalities, DiSC and Everything DiSC, the Big-Five model, the Enneagram, and Gallup CliftonStrengths"" (Abstract (English)), alongside the author's own instrument, the ""Job-Related Personality Test (Berufsbezogener Persönlichkeitstest, BPT)"", whose validation with 31,373 professionals is stated to be documented in a separate book (Pelz, 2023), not in this work. No instrument is administered within this text, consistent with E4. The German and English abstract sentences list ""MBTI und 16Personalities"" / ""the MBTI and 16Personalities"" as two separate items under review (joined by ""und""/""and""), rather than naming one as a form of the other, which is why no C1-C3 conflation flag was set from the available text. || c2: Not one of the three §7 calibration records. Two notes. (a) The Zenodo page gives the DOI as 10.5281/zenodo.21517802 ('DOI 10.5281/zenodo.21517802'), while the assigned DOI is 10.5281/zenodo.21517801 — consistent with Zenodo's concept-DOI/version-DOI pair; the title 'Persönlichkeitstests im beruflichen Kontext' matches the assignment, so this is taken to be the right work. (b) The abstract reports an administration to 31,373 people — 'Seine Entwicklung und Validierung mit 31.373 Fach- und Führungskräften ist in Persönlichkeit gewinnt dokumentiert (Pelz, 2023)' [English gloss: 'Its development and validation with 31,373 professionals and managers are documented in Persönlichkeit gewinnt (Pelz, 2023)'] — but that administration is of the author's own Berufsbezogener Persönlichkeitstest (BPT), not an MBTI-type instrument, and it is explicitly attributed to a prior publication rather than performed for this work, so it does not make this work E1.",,True,False,
